,,,under tree,under tree,under tree,under tree,open,open,open,open,open,open,,,,,
,,DEPTHS( cm),5,5,10,20,5,10,20,70,100,130,,,,,
Year,DOY,precip (mm),vol soil moisture,vol soil moisture,vol soil moisture,vol soil moisture,vol soil moisture,vol soil moisture,vol soil moisture,vol soil moisture,vol soil moisture,vol soil moisture,averageShallow,averageDeep,shallowMinusDeep,maxAirTemp,minAirTemp
2015,1,3.556,0.099002882,0.130376026,0.123729673,0.071152293,0.116014705,0.123140819,0.16946251,0.057585232,0.050754882,0.052697968,0.118982701,0.053679361,0.065303341,5.049,-4.549
2015,2,0,0.095230302,0.118264007,0.118221713,0.086962244,0.106307521,0.113079933,0.157527917,0.057548396,0.050802334,0.05269457,0.113656234,0.053681767,0.059974467,4.64,-3.641
2015,3,0,0.093450922,0.112305351,0.114401205,0.092765983,0.095721745,0.105484838,0.151479253,0.057481433,0.050755274,0.052678082,0.109372757,0.053638263,0.055734494,9.1,-4.116
2015,4,0,0.092207942,0.107998122,0.112110213,0.09240069,0.094581007,0.103602213,0.147656511,0.057429362,0.05074885,0.052669902,0.107222386,0.053616038,0.053606347,18.08,-1.661
2015,5,0,0.091005052,0.104044949,0.110389815,0.091183522,0.09328892,0.10159359,0.144549292,0.057383563,0.050746428,0.052714366,0.105150734,0.053614785,0.051535949,22.71,6.319
2015,6,0,0.08979738,0.100585591,0.108461151,0.089410129,0.090267493,0.098286492,0.14163777,0.057429882,0.050687257,0.05268894,0.102635144,0.053602026,0.049033117,24.49,5.603
2015,7,0,0.088687776,0.097326101,0.106649481,0.087283981,0.087248291,0.094878855,0.139000266,0.057533282,0.050717658,0.052660733,0.100153536,0.053637225,0.046516311,22.66,12.14
2015,8,4.064,0.087980803,0.094891682,0.104843955,0.085195898,0.098706421,0.105219046,0.139433867,0.05755568,0.050691408,0.052707435,0.102324525,0.053651508,0.048673017,16.01,9.22
2015,9,0,0.087491019,0.093140157,0.10340623,0.083144573,0.102021413,0.110548517,0.147134301,0.057692004,0.050737989,0.052680917,0.103840887,0.053703636,0.050137251,19.92,8.88
2015,10,0,0.086739866,0.091311879,0.102028769,0.081281352,0.096294813,0.104908867,0.144026474,0.057743168,0.050751598,0.052626457,0.100941717,0.053707074,0.047234643,19.56,8.14
2015,11,0.254,0.085953962,0.089358234,0.100522637,0.079594764,0.092765597,0.101082448,0.140900324,0.057796706,0.050789391,0.052569688,0.098596852,0.053718595,0.044878257,20.19,7.842
2015,12,5.842,0.094060841,0.095128352,0.100739734,0.078210875,0.10453765,0.112059967,0.147925531,0.057839328,0.050770646,0.052514029,0.104666136,0.053708001,0.050958134,16.97,7.915
2015,13,1.016,0.096059869,0.098111989,0.103851419,0.077942777,0.101650082,0.110176467,0.151615957,0.057941108,0.050800776,0.052448497,0.105629794,0.053730127,0.051899667,17.46,6.751
2015,14,0,0.093652234,0.095054899,0.103333291,0.078056958,0.101559445,0.109297432,0.148704559,0.05798862,0.050810606,0.05241463,0.104236974,0.053737952,0.050499022,13.68,4.869
2015,15,0.254,0.091912518,0.092468227,0.101883541,0.077475975,0.097516103,0.105095545,0.146163629,0.058069964,0.050849207,0.052462287,0.101787934,0.053793819,0.047994115,17.32,3.902
2015,16,0,0.090337329,0.089508114,0.100450036,0.076748444,0.092130607,0.099585553,0.142914338,0.058074495,0.050826292,0.052497593,0.098810632,0.05379946,0.045011172,20.79,8.71
2015,17,0,0.089034473,0.086818022,0.098723742,0.075858879,0.089074319,0.095729735,0.139747116,0.058131987,0.050843843,0.052497959,0.096426612,0.053824596,0.042602016,22.11,6.407
2015,18,0,0.087863247,0.084183642,0.096744605,0.074806311,0.086447225,0.092345332,0.137123233,0.058179314,0.050850425,0.052505644,0.094216228,0.053845128,0.0403711,23.05,7.279
2015,19,0,0.086747571,0.081346995,0.094734427,0.073695881,0.083866645,0.088966047,0.134641498,0.0582979,0.050858643,0.052503814,0.091999866,0.053886786,0.03811308,25.16,8.74
2015,20,0,0.085577077,0.078387,0.092518831,0.072452576,0.081536582,0.085625855,0.132418962,0.058386395,0.050921589,0.052487957,0.089788126,0.05393198,0.035856146,24.37,7.958
2015,21,0,0.084110266,0.075938309,0.090314877,0.07121523,0.079433,0.082568031,0.130402877,0.058481412,0.050942072,0.052453072,0.087711799,0.053958852,0.033752946,19.9,6.464
2015,22,0,0.082500649,0.074259329,0.088091234,0.069901438,0.07809932,0.07982713,0.128553119,0.058616242,0.050921295,0.052414168,0.085890317,0.053983902,0.031906415,12,1.417
2015,23,0,0.080939819,0.07272431,0.086148964,0.068741482,0.07676264,0.077793991,0.127360441,0.058765438,0.050967627,0.052477659,0.084353093,0.054070241,0.030282851,17.53,2.064
2015,24,0,0.079223896,0.070821242,0.084228696,0.067755733,0.074328547,0.075284415,0.125891822,0.058855713,0.050936646,0.052576646,0.082504907,0.054123001,0.028381906,20.46,6.176
2015,25,0,0.0770652,0.06876456,0.082188266,0.066747307,0.072572716,0.072900682,0.124213664,0.058983271,0.050944753,0.052623094,0.080636056,0.054183706,0.02645235,21.98,9.44
2015,26,0,0.075082362,0.067419367,0.080612545,0.065808367,0.071252687,0.071225308,0.122699166,0.059219292,0.050940975,0.052634805,0.079157114,0.054265024,0.024892091,19.7,11.55
2015,27,0.254,0.073294356,0.066035919,0.079028291,0.065079481,0.071268143,0.070587624,0.12111376,0.05953375,0.050997215,0.052584743,0.078058225,0.054371903,0.023686322,22.78,8.52
2015,28,0,0.071640454,0.064258481,0.077091959,0.064082569,0.070476457,0.069645843,0.119516155,0.059860254,0.051015287,0.052573544,0.076673131,0.054483028,0.022190103,23.45,8.64
2015,29,1.524,0.070356833,0.062994645,0.075336349,0.063136225,0.07041708,0.069128598,0.118254497,0.060198681,0.051050272,0.052497967,0.075660604,0.054582307,0.021078297,22.86,9.58
2015,30,20.32,0.083857389,0.070502023,0.079034652,0.063103308,0.107681229,0.107083364,0.134044363,0.060545765,0.051073945,0.052406046,0.092186618,0.054675252,0.037511366,14.13,10.01
2015,31,10.16,0.107084428,0.127506779,0.122403862,0.09717039,0.118972795,0.125599553,0.169953771,0.061638551,0.051082408,0.052440342,0.124098797,0.055053767,0.069045029,11,8.52
2015,32,0,0.103984831,0.118536343,0.121635737,0.114055034,0.106429202,0.112781474,0.157230071,0.121859885,0.051072305,0.052489158,0.119236099,0.075140449,0.044095649,15.32,7.074
2015,33,0.254,0.101031616,0.110194599,0.11641525,0.107973396,0.098802667,0.104861104,0.148570973,0.127023118,0.051111138,0.052498422,0.112549944,0.076877559,0.035672384,20.86,6.094
2015,34,0,0.099039046,0.103499248,0.112370781,0.103256478,0.09363831,0.099154294,0.143487155,0.125831484,0.05114681,0.052527796,0.107777902,0.07650203,0.031275872,22.53,7.576
2015,35,0,0.097287591,0.097384142,0.108430347,0.098867747,0.090191983,0.094340491,0.13976784,0.124381911,0.051155699,0.052547421,0.103752877,0.076028343,0.027724534,22.65,8.64
2015,36,0,0.095775425,0.091384086,0.104337733,0.094777808,0.086697788,0.090113963,0.136803931,0.123099689,0.051158103,0.052555344,0.099984391,0.075604379,0.024380012,27.59,8.78
2015,37,0,0.094183202,0.084535973,0.099506419,0.09064919,0.083081307,0.085816537,0.133894997,0.121859498,0.051201455,0.052567413,0.095952518,0.075209455,0.020743062,28.12,12.78
2015,38,0,0.092341704,0.078393553,0.094353411,0.08645159,0.080271518,0.081906504,0.131327457,0.120631658,0.051275883,0.052526586,0.092149391,0.074811376,0.017338015,24.68,10.69
2015,39,0,0.090264328,0.073405488,0.089481424,0.082342986,0.077920191,0.078620281,0.129254258,0.119601096,0.051346081,0.052489553,0.088755565,0.07447891,0.014276655,25.3,9.31
2015,40,0,0.087801091,0.069112089,0.084989793,0.078292166,0.07546289,0.075525123,0.127206703,0.118593663,0.051389908,0.052505944,0.085484265,0.074163172,0.011321094,27.03,9.56
2015,41,0,0.08481337,0.065549833,0.080822864,0.074409895,0.073331801,0.072644164,0.125180242,0.117823919,0.051445389,0.052506278,0.082393167,0.073925195,0.008467972,24.86,10.79
2015,42,0,0.08168321,0.063141195,0.077499769,0.071082678,0.071605232,0.070196788,0.123374104,0.11709377,0.051538502,0.052499193,0.079797568,0.073710488,0.00608708,21.31,8.78
2015,43,0,0.078744591,0.061953166,0.075393296,0.068576277,0.069973389,0.068053328,0.121777623,0.116356199,0.051708826,0.052457638,0.077781667,0.073507554,0.004274113,17.99,8.66
2015,44,0,0.076025835,0.061019144,0.073702806,0.0665376,0.068075785,0.066040806,0.120254588,0.115622138,0.051819639,0.052547826,0.075950938,0.073329868,0.00262107,24.04,10.95
2015,45,0,0.073099638,0.059894193,0.071942513,0.064599913,0.066407857,0.064036193,0.118459922,0.114903626,0.051948699,0.0525022,0.07406289,0.073118175,0.000944715,23.2,13.34
2015,46,0.508,0.070940698,0.059463932,0.070703226,0.063061292,0.066296054,0.063145918,0.116857346,0.114369246,0.052105017,0.052543565,0.072924067,0.073005943,-8.18759E-05,21.3,12.33
2015,47,0.254,0.069730213,0.059057118,0.069531943,0.061872597,0.068427867,0.064567041,0.115601866,0.113770689,0.052358597,0.052528581,0.072684092,0.072885956,-0.000201864,21.35,9
2015,48,0,0.06828988,0.057948791,0.067821805,0.060413277,0.067294268,0.063739653,0.11434442,0.113251009,0.052639108,0.052567338,0.071407442,0.072819152,-0.00141171,20.8,7.562
2015,49,0,0.066789928,0.056889999,0.066044531,0.058891254,0.065259884,0.061825727,0.1133071,0.11271197,0.052991491,0.052585559,0.069858346,0.072763006,-0.00290466,22.42,7.503
2015,50,0,0.064654125,0.055671891,0.064236507,0.057618049,0.062643691,0.059637618,0.112338283,0.112091724,0.053425031,0.052564301,0.068114309,0.072693685,-0.004579376,26.31,9.89
2015,51,0,0.062409916,0.054805885,0.062831155,0.056511639,0.061608157,0.058198496,0.110965562,0.111588975,0.053919651,0.052611192,0.066761544,0.072706606,-0.005945062,21.32,9.7
2015,52,0,0.060643827,0.054380205,0.061972536,0.055904588,0.060187128,0.057033326,0.110164939,0.110986057,0.054466625,0.052641582,0.065755221,0.072698088,-0.006942867,22.92,8.87
2015,53,0,0.057770112,0.053135506,0.060511858,0.055084943,0.056919299,0.054299415,0.108987301,0.110471792,0.055103295,0.05262881,0.063815491,0.072734632,-0.008919142,22.58,14.81
2015,54,0,0.054853003,0.052083791,0.058964789,0.054303797,0.054862932,0.052335326,0.107799655,0.110029349,0.055829253,0.052616318,0.062171899,0.072824973,-0.010653074,21.26,8.18
2015,55,4.572,0.062612561,0.063441298,0.058065515,0.053715934,0.066927868,0.061808246,0.106387276,0.109667112,0.056620566,0.052650555,0.067565528,0.072979411,-0.005413883,12.98,3.747
2015,56,0,0.066829624,0.067710056,0.058103856,0.053286396,0.074006132,0.069455252,0.106671913,0.109148357,0.057515216,0.052624173,0.070866176,0.073095915,-0.00222974,17.16,2.284
2015,57,0,0.063920663,0.060856133,0.057256462,0.052809876,0.068870283,0.066219275,0.107340037,0.108843353,0.058414222,0.052703054,0.068181818,0.07332021,-0.005138391,22.02,5.513
2015,58,0,0.061994966,0.056806567,0.056284391,0.052284203,0.064812459,0.063257111,0.107311473,0.108401464,0.059373448,0.052754788,0.06610731,0.0735099,-0.00740259,21.11,7.043
2015,59,0,0.0601968,0.054695071,0.055639187,0.051909121,0.06141803,0.060468178,0.106853361,0.107828498,0.06036915,0.052800407,0.06445425,0.073666018,-0.009211769,19.71,12.31
2015,60,0,0.058363089,0.053477643,0.055052401,0.051484694,0.058685275,0.057956989,0.106230272,0.107179378,0.061351154,0.052797974,0.063035766,0.073776169,-0.010740403,22.23,9.7
2015,61,6.096,0.060999452,0.059642946,0.056373003,0.051022336,0.06317365,0.061622886,0.105065009,0.106691312,0.062350763,0.052755275,0.065414183,0.07393245,-0.008518267,18.35,8.28
2015,62,0.254,0.07254723,0.079534066,0.061808531,0.050941167,0.087530187,0.085761546,0.108115361,0.106106532,0.063316385,0.052755598,0.078034013,0.074059505,0.003974507,15.58,5.235
2015,63,0,0.068218466,0.06847412,0.059374918,0.050682698,0.080654252,0.082447626,0.111353958,0.105543712,0.064181982,0.052832039,0.074458006,0.074185911,0.000272095,14.89,4.906
2015,64,0,0.065700111,0.062059454,0.057810789,0.050405097,0.075945994,0.07788935,0.112063291,0.105251132,0.065019372,0.052854858,0.071696298,0.074375121,-0.002678823,19.88,4.067
2015,65,0,0.063948398,0.057678667,0.056387434,0.050119214,0.07131921,0.072945625,0.111744331,0.104877467,0.065711614,0.052899504,0.069163268,0.074496195,-0.005332927,22.9,9.16
2015,66,0,0.062447619,0.05492825,0.055253691,0.049804867,0.067242148,0.068393361,0.110786385,0.104322046,0.066371372,0.052932208,0.066979474,0.074541875,-0.007562401,23.34,11.06
2015,67,0,0.060729105,0.053202891,0.05435589,0.049463195,0.064151368,0.064676572,0.109708136,0.103761979,0.067051282,0.052917973,0.06518388,0.074577078,-0.009393198,22.23,8.13
2015,68,0,0.058413647,0.05170638,0.053447762,0.049011888,0.060956743,0.061328836,0.108482289,0.103294006,0.067675708,0.052868361,0.063335363,0.074612692,-0.011277328,23.29,9.04
2015,69,0,0.055788899,0.050531225,0.052610945,0.048565485,0.057697024,0.058218338,0.107290736,0.102859984,0.0682048,0.052812183,0.06152895,0.074625656,-0.013096705,24.22,9.71
2015,70,0,0.052888177,0.049509133,0.051827147,0.04810189,0.0545429,0.055317368,0.106016664,0.102426952,0.068732551,0.052844847,0.059743326,0.074668117,-0.014924791,26.18,12.22
2015,71,0,0.050102455,0.048803755,0.051105414,0.047766521,0.052107243,0.052731281,0.104606097,0.102070773,0.069269826,0.052835506,0.058174681,0.074725369,-0.016550688,23.45,14.7
2015,72,0,0.04816589,0.048287411,0.05031974,0.047483384,0.050497093,0.050965105,0.103404935,0.101579653,0.069669963,0.052805434,0.057017651,0.074685017,-0.017667365,24.16,12.61
2015,73,0,0.046257816,0.047380112,0.049068851,0.047030287,0.048206147,0.048839506,0.102258446,0.101077379,0.070019371,0.052778869,0.055577309,0.074625206,-0.019047897,23.98,13.74
2015,74,0,0.044204586,0.046239875,0.047538847,0.04658951,0.045502485,0.046339665,0.101116136,0.100600955,0.070464156,0.052732852,0.053933015,0.074599321,-0.020666306,23.63,13.86
2015,75,0,0.04224903,0.044927019,0.045756403,0.046202905,0.042432041,0.043848052,0.100067454,0.099989512,0.070773398,0.05274114,0.052211844,0.07450135,-0.022289506,26.69,14.95
2015,76,0,0.041119374,0.043719879,0.043914989,0.045883097,0.04150078,0.042329728,0.098689194,0.099470707,0.071043273,0.052739428,0.051022434,0.074417803,-0.023395368,25.18,12.52
2015,77,2.032,0.04161303,0.043316042,0.04271584,0.0456853,0.045793677,0.045254878,0.097335353,0.09880694,0.07122617,0.05268263,0.051673446,0.07423858,-0.022565134,18.41,10.03
2015,78,0.254,0.043125161,0.043508818,0.04249509,0.045824176,0.059273411,0.055997706,0.096664522,0.098040081,0.071435785,0.052711804,0.055269841,0.074062557,-0.018792716,18.67,8.52
2015,79,0.254,0.043643986,0.043362753,0.042323244,0.045586305,0.057322034,0.055209017,0.096409162,0.097216922,0.071556117,0.052782049,0.054836643,0.073851696,-0.019015053,22.92,7.725
2015,80,0,0.043290912,0.042660588,0.041920839,0.045111868,0.052916011,0.051933997,0.095989545,0.096521221,0.071608997,0.052837864,0.053403394,0.073656027,-0.020252633,23.8,9.46
2015,81,0,0.0420903,0.041896303,0.041188746,0.04467932,0.048110976,0.04780344,0.095546969,0.095876798,0.071738983,0.052832557,0.051616579,0.073482779,-0.0218662,26.51,10.72
2015,82,0,0.040653069,0.040968898,0.040167953,0.044274149,0.043698882,0.04373378,0.094787589,0.095151286,0.071832739,0.052860725,0.049754903,0.073281583,-0.02352668,27.01,11.91
2015,83,0,0.039491387,0.04009949,0.03899488,0.043905009,0.040285304,0.040504942,0.094015498,0.094373366,0.0718952,0.052834368,0.048185216,0.073034311,-0.024849095,27.1,10.32
2015,84,0,0.03838355,0.039023733,0.037735515,0.043524615,0.037768738,0.037786089,0.093136675,0.093502995,0.071847616,0.052836725,0.046765559,0.072729112,-0.025963553,25.07,10.42
2015,85,0,0.037511973,0.038159571,0.036590502,0.043106317,0.035485477,0.035437392,0.092342726,0.092613488,0.071797112,0.052835179,0.045519137,0.072415259,-0.026896123,27.43,11.89
2015,86,0,0.036599678,0.037149697,0.035586972,0.042691661,0.033380354,0.032935381,0.091415273,0.091647494,0.071680373,0.052885937,0.044251288,0.072071268,-0.02781998,31.67,12.18
2015,87,0,0.035604634,0.036124419,0.034548549,0.042285683,0.031617401,0.030599728,0.090447365,0.090638545,0.071510823,0.052881238,0.04303254,0.071676868,-0.028644328,31.31,13.35
2015,88,0,0.03482107,0.035153227,0.033654265,0.041890498,0.030656794,0.028909195,0.089284103,0.089625105,0.071328964,0.052880056,0.042052736,0.071278042,-0.029225306,30.54,15.73
2015,89,0,0.034369571,0.034411598,0.03293971,0.041558202,0.029880689,0.027601371,0.088282563,0.088597569,0.07110411,0.052853416,0.041291958,0.070851698,-0.029559741,30.53,17.13
2015,90,0,0.034138145,0.033842859,0.032436682,0.041125095,0.029775555,0.026807287,0.087185781,0.087479767,0.070824647,0.05287722,0.040758772,0.070393878,-0.029635106,27.99,14.74
2015,91,0,0.034035694,0.033431168,0.032056855,0.040822389,0.029542303,0.02611688,0.086281969,0.086394123,0.070366735,0.052876272,0.040326751,0.069879043,-0.029552292,28.25,12.35
2015,92,0,0.03386913,0.033086214,0.031615313,0.040450342,0.029089162,0.025210922,0.085250304,0.085296492,0.069805176,0.052861712,0.039795912,0.069321127,-0.029525214,28.05,10.23
2015,93,0,0.033731633,0.032703869,0.031260691,0.040068678,0.029197774,0.024787689,0.084189942,0.084132189,0.069304162,0.052888178,0.039420039,0.068774843,-0.029354804,27.81,11.48
2015,94,0,0.03356268,0.032417187,0.031022432,0.039714228,0.028520092,0.024372445,0.083444472,0.083065545,0.068851044,0.052961039,0.039007648,0.068292543,-0.029284895,28.57,12.76
2015,95,0,0.033211658,0.031975295,0.030598899,0.03933885,0.028134268,0.023694444,0.082423805,0.081942306,0.068291665,0.052943691,0.03848246,0.067725887,-0.029243428,27.75,9.99
2015,96,0,0.033238069,0.031799452,0.030316169,0.03898192,0.028140854,0.023363525,0.081490942,0.080973385,0.067733339,0.052975788,0.038190133,0.067227504,-0.029037371,26.91,10.78
2015,97,0,0.032956813,0.031422087,0.029967384,0.038584058,0.027758218,0.022857754,0.080538745,0.079943705,0.067118261,0.053005693,0.037726437,0.06668922,-0.028962783,27.42,9.91
2015,98,0,0.032902459,0.031133734,0.029664516,0.038131522,0.027934404,0.022676157,0.07945848,0.078944889,0.066678153,0.053010307,0.037414468,0.066211116,-0.028796649,24.85,8.26
2015,99,0,0.033086206,0.031131626,0.029739314,0.037783488,0.027856542,0.022547916,0.078548511,0.078101128,0.066214044,0.053056731,0.037241943,0.065790634,-0.028548691,27.63,7.186
2015,100,0,0.032765586,0.030918031,0.029510893,0.037440646,0.02735061,0.022050734,0.077568603,0.077158584,0.065629278,0.053069514,0.036800729,0.065285792,-0.028485063,27.89,9.19
2015,101,0,0.032436487,0.030536032,0.029210292,0.037000151,0.026640444,0.021551275,0.076463436,0.07631872,0.065030764,0.0530394,0.036262588,0.064796295,-0.028533707,28.1,10.55
2015,102,12.192,0.057817446,0.077168292,0.059758919,0.036838026,0.063532058,0.056991527,0.079506153,0.075810828,0.064829213,0.053055425,0.061658917,0.064565155,-0.002906238,17.4,10.33
2015,103,0,0.068262222,0.09094962,0.077413713,0.037747728,0.077318699,0.075763779,0.086334739,0.075216376,0.064487031,0.053132608,0.073398643,0.064278672,0.009119971,26.54,10.06
2015,104,0,0.067719699,0.082210093,0.074454021,0.037854411,0.066881754,0.068403964,0.086384829,0.074527388,0.063865447,0.053198066,0.069129824,0.063863634,0.005266191,28.57,15.22
2015,105,0,0.066804837,0.074389899,0.070331378,0.038048747,0.059278062,0.061027621,0.085125011,0.074068862,0.063260512,0.053236919,0.065000794,0.063522098,0.001478696,26.51,13.8
2015,106,0,0.065094214,0.068464048,0.066769323,0.03845981,0.053810644,0.055656613,0.08404423,0.073637819,0.062893742,0.05320224,0.061756983,0.0632446,-0.001487617,20.1,3.014
2015,107,0,0.062749098,0.064012694,0.06401334,0.038754653,0.049088206,0.051487642,0.083508593,0.073171884,0.06259079,0.053221767,0.059087746,0.062994813,-0.003907067,21.66,5.904
2015,108,0,0.059829599,0.059888606,0.06130352,0.038925543,0.044421642,0.047129771,0.082912809,0.072691533,0.062134065,0.053248334,0.056344498,0.062691311,-0.006346812,25.41,8.55
2015,109,0,0.056602533,0.056313723,0.058543389,0.039032527,0.039894619,0.042583326,0.082205446,0.072267289,0.061682873,0.053284362,0.053596509,0.062411508,-0.008814999,28.34,11.54
2015,110,0,0.053299423,0.053158255,0.055874342,0.039117083,0.036182455,0.038543114,0.08136368,0.071824576,0.061253139,0.053280731,0.051076907,0.062119482,-0.011042574,28.1,11.4
2015,111,0,0.050012742,0.050592543,0.053314224,0.039192531,0.033282402,0.03509717,0.080593829,0.071378662,0.06089951,0.053219921,0.048869349,0.061832698,-0.012963349,26.99,10.76
2015,112,0,0.047160691,0.048542948,0.05100823,0.039237909,0.031708668,0.032424857,0.079821177,0.070914913,0.060528185,0.053239131,0.047129211,0.061560743,-0.014431532,26.7,9.78
2015,113,0,0.044780789,0.046986214,0.048899428,0.039246703,0.030982299,0.030398643,0.079112771,0.070470642,0.060197119,0.05322341,0.045772407,0.061297057,-0.01552465,24.84,9.79
2015,114,0,0.04328955,0.045774578,0.047153639,0.039233037,0.031321518,0.0294144,0.078399561,0.070082961,0.059929476,0.053176473,0.044940898,0.06106297,-0.016122072,22.26,7.092
2015,115,0,0.042046242,0.044500136,0.045379951,0.039285941,0.030354379,0.028067601,0.078032383,0.069655999,0.05961717,0.053277401,0.043952376,0.06085019,-0.016897814,25.26,7.89
2015,116,1.778,0.041476151,0.043355397,0.043664743,0.039180785,0.041796953,0.037887242,0.077036154,0.069297431,0.059455162,0.053249045,0.046342489,0.060667213,-0.014324724,20.33,7.823
2015,117,0,0.042036183,0.04285208,0.042670238,0.039245468,0.041923722,0.038292643,0.077132406,0.068963984,0.059140257,0.053275061,0.046307534,0.060459767,-0.014152233,24.86,7.697
2015,118,0,0.040566824,0.041891245,0.04172667,0.038994805,0.0349596,0.031437706,0.076516366,0.068624492,0.058762284,0.053304182,0.043727602,0.060230319,-0.016502717,26.95,13.97
2015,119,0,0.038816733,0.040752003,0.040483303,0.038758339,0.029597733,0.026117986,0.075810861,0.068294589,0.058366403,0.053334822,0.041476709,0.059998605,-0.018521896,29.03,16.58
2015,120,0,0.037095991,0.039399638,0.03869083,0.038471923,0.027101185,0.02339689,0.075098627,0.067915005,0.058066906,0.053314484,0.039893583,0.059765465,-0.019871882,32.83,17.64
2015,121,0,0.035593492,0.037893917,0.036689466,0.038189558,0.02585243,0.021642521,0.074152036,0.067516436,0.057712558,0.053291103,0.038573346,0.059506699,-0.020933354,33.43,15.57
2015,122,0,0.034624636,0.036514822,0.034855594,0.03794809,0.025138664,0.020676933,0.073020022,0.067167967,0.057471551,0.053301106,0.037539823,0.059313542,-0.021773719,32.53,15.61
2015,123,0,0.034267437,0.035453576,0.033510211,0.037755756,0.026561482,0.020999898,0.071602424,0.066869891,0.05723837,0.053245603,0.037164398,0.059117955,-0.021953557,28.91,14.39
2015,124,3.81,0.034638727,0.034885303,0.032893091,0.037543081,0.029967459,0.024062524,0.070638565,0.066549665,0.057091078,0.053250997,0.037804107,0.058963913,-0.021159806,25.63,12.89
2015,125,0.762,0.036498946,0.035213505,0.033252485,0.037502377,0.058026811,0.05384257,0.070121534,0.066301594,0.05686917,0.053318379,0.046351176,0.058829714,-0.012478539,25.06,9.93
2015,126,0,0.037926343,0.035581991,0.034027047,0.03744399,0.051406093,0.048451936,0.070346738,0.066003652,0.056623965,0.053364591,0.045026305,0.05866407,-0.013637764,27.08,11.94
2015,127,0,0.038117338,0.035580917,0.034354916,0.037203407,0.043247048,0.042478085,0.070224593,0.065661327,0.056413587,0.053372952,0.043029472,0.058482622,-0.01545315,25.58,12.45
2015,128,0,0.037306137,0.035256266,0.033945512,0.037034764,0.03689537,0.036987381,0.070100081,0.065385617,0.056271383,0.053378889,0.041075073,0.058345296,-0.017270223,22.67,9.11
2015,129,0,0.036848773,0.035022969,0.033303411,0.036959339,0.033428645,0.0323199,0.070187228,0.065190353,0.056096314,0.053363016,0.039724324,0.058216561,-0.018492238,21.34,4.13
2015,130,0,0.036129732,0.034500491,0.03279692,0.036846887,0.030458675,0.02827894,0.07025999,0.064948911,0.055883045,0.053347145,0.038467376,0.0580597,-0.019592324,24.89,8.09
2015,131,0,0.034930281,0.033661159,0.03210023,0.036681224,0.028233277,0.025308264,0.070109178,0.064690792,0.05568261,0.053339027,0.037289087,0.057904143,-0.020615056,29.83,12.9
2015,132,0,0.034532545,0.033132583,0.031459278,0.036471647,0.030130099,0.025041806,0.069578788,0.064517075,0.055562266,0.053324247,0.037192392,0.057801196,-0.020608804,24.1,13.37
2015,133,0,0.034627427,0.033044147,0.031225302,0.036497491,0.028181474,0.024521534,0.070016184,0.064285126,0.055427471,0.053330139,0.036873366,0.057680912,-0.020807546,28.98,10.2
2015,134,0,0.033800393,0.032228552,0.030538121,0.036131337,0.026783438,0.022623257,0.0692484,0.064014629,0.055149001,0.053308327,0.035907643,0.057490652,-0.02158301,26.95,15.93
2015,135,0,0.034025293,0.031960068,0.03030521,0.035931297,0.028020696,0.022671729,0.068359175,0.063783137,0.054972499,0.053308862,0.03589621,0.057354833,-0.021458623,21.68,13.12
2015,136,5.588,0.054019446,0.068768927,0.039123096,0.035846292,0.053367378,0.048322502,0.067809045,0.063591629,0.054898957,0.053282577,0.052465241,0.057257721,-0.00479248,22.31,9.07
2015,137,0,0.053889074,0.063295814,0.042028028,0.035760217,0.050058723,0.046826173,0.068002064,0.063417253,0.054813414,0.053279084,0.051408585,0.057169917,-0.005761332,28.13,10.87
2015,138,0,0.051136929,0.056015505,0.041926662,0.035569197,0.041002908,0.040815722,0.068029353,0.063288046,0.054686462,0.053283061,0.047785182,0.057085856,-0.009300674,29.24,11.37
2015,139,0,0.048350259,0.050983121,0.041544176,0.035587579,0.034420231,0.034113893,0.068189461,0.063153628,0.054540229,0.053277126,0.044741245,0.056990328,-0.012249082,28.22,9.16
2015,140,0,0.045425701,0.047153876,0.041009502,0.035575886,0.030161114,0.027990248,0.068285296,0.062994449,0.054369622,0.053246362,0.042228803,0.056870144,-0.014641341,30.45,12.53
2015,141,0,0.042557658,0.044244943,0.04026583,0.035627568,0.028601765,0.024950266,0.068123249,0.062819423,0.054298694,0.053200898,0.040624468,0.056773005,-0.016148536,27.58,12.19
2015,142,0,0.040321737,0.042588436,0.039317045,0.035676884,0.027346486,0.023445477,0.068064339,0.062659083,0.054162828,0.05319474,0.0395372,0.056672217,-0.017135017,25.54,9.17
2015,143,0,0.038538505,0.041610604,0.037937703,0.035668122,0.026583521,0.022200619,0.067772776,0.062519361,0.054045005,0.053183713,0.038615979,0.056582693,-0.017966714,24.74,7.048
2015,144,0,0.036998452,0.040612007,0.036488356,0.035578236,0.025595902,0.02113352,0.067208035,0.062371051,0.053947078,0.053190189,0.037659215,0.056502773,-0.018843557,26.63,10.6
2015,145,0,0.035766522,0.039277246,0.03499859,0.035413237,0.024434525,0.020070335,0.066304575,0.062202787,0.053847625,0.053178275,0.03660929,0.056409562,-0.019800272,28.89,11.84
2015,146,0,0.034505699,0.037471987,0.0335895,0.035154608,0.023197376,0.018795027,0.064978992,0.062023386,0.053703268,0.05312719,0.035384741,0.056284615,-0.020899873,31.99,13.39
2015,147,0,0.033309948,0.035555819,0.032144318,0.034752857,0.022308309,0.017774458,0.063363399,0.061865656,0.0535575,0.053060382,0.03417273,0.05616118,-0.02198845,32.93,15.01
2015,148,0,0.032317184,0.03378775,0.030859307,0.034361084,0.021320837,0.016832526,0.061608652,0.061692152,0.053420735,0.053047993,0.033012477,0.056053627,-0.02304115,34.2,15.67
2015,149,0,0.0313392,0.032164052,0.029642991,0.033950426,0.020459595,0.01595404,0.059772434,0.06153256,0.053276678,0.052986763,0.031897534,0.055932,-0.024034466,35.23,17.33
2015,150,0,0.030567477,0.030831461,0.028620987,0.033500638,0.019637858,0.015123747,0.057944068,0.061315694,0.053140267,0.05292752,0.030889462,0.055794494,-0.024905032,36.37,18.54
2015,151,0,0.029779359,0.029687106,0.027734822,0.032987152,0.018929404,0.01435357,0.056193168,0.061133023,0.053048276,0.052840636,0.029952083,0.055673978,-0.025721896,37.15,20.27
2015,152,0,0.029175348,0.028747546,0.02688037,0.032369843,0.018409896,0.013621282,0.054498378,0.060952216,0.052866865,0.052766882,0.02910038,0.055528654,-0.026428274,36.57,19.72
2015,153,0,0.02876003,0.028005062,0.026140668,0.03177735,0.01836975,0.01334713,0.053131765,0.060747242,0.052732439,0.052717822,0.028504536,0.055399168,-0.026894631,35.77,16.18
2015,154,0,0.028550369,0.027515717,0.025575334,0.031296509,0.018303176,0.01310636,0.052058026,0.060550808,0.052640431,0.052654828,0.028057927,0.055282022,-0.027224095,35.65,18.64
2015,155,0,0.028867561,0.027290067,0.025374998,0.030739711,0.021029808,0.014498702,0.050999564,0.060382804,0.052526407,0.052600206,0.028400058,0.055169806,-0.026769747,33.18,16.12
2015,156,0,0.029545471,0.027485176,0.025722438,0.030451225,0.023016383,0.016699364,0.051102272,0.060228766,0.052405595,0.05257882,0.029146047,0.05507106,-0.025925013,33.42,19.86
2015,157,0,0.029219046,0.027320449,0.025558518,0.030048695,0.020240691,0.015041865,0.051070195,0.060034845,0.052307088,0.05258626,0.028357066,0.054976065,-0.026618999,34.62,19.27
2015,158,0,0.028681364,0.026887959,0.025110004,0.029522859,0.018714198,0.013646831,0.050176989,0.059859543,0.05221182,0.052563254,0.027534315,0.054878206,-0.027343891,35.9,17.92
2015,159,4.318,0.028273804,0.026333508,0.024715233,0.028978845,0.020507868,0.014275607,0.048967229,0.059676588,0.052110196,0.052501578,0.027436013,0.054762787,-0.027326774,33.73,18.83
2015,160,11.176,0.06225534,0.076706712,0.047392413,0.029386968,0.071618005,0.076523347,0.068638086,0.059621806,0.052091387,0.052471455,0.061788696,0.054728216,0.00706048,30.35,18.4
2015,161,0,0.066403197,0.081418401,0.057262388,0.030932371,0.066157238,0.073131305,0.075240543,0.059596443,0.052129197,0.052400563,0.064363635,0.054708734,0.0096549,32.32,18.43
2015,162,0,0.065566253,0.073792844,0.05707767,0.031925638,0.054370177,0.06022993,0.07397269,0.059704078,0.052188329,0.052391825,0.059562172,0.054761411,0.004800761,33.43,18.72
2015,163,0,0.063373179,0.065554925,0.05447738,0.032651087,0.041555876,0.049770791,0.072582266,0.059721566,0.052235593,0.052395594,0.054280786,0.054784251,-0.000503464,35.85,18.53
2015,164,0,0.059700497,0.058551983,0.051473061,0.033335747,0.032246937,0.041137423,0.072340421,0.059751871,0.052304811,0.052360893,0.049826581,0.054805858,-0.004979277,36.13,18.06
2015,165,0,0.055017711,0.053725344,0.049021413,0.033856877,0.027199308,0.034003346,0.071749416,0.05975578,0.052263139,0.052385655,0.046367631,0.054801525,-0.008433894,36.28,18.43
2015,166,0,0.050274547,0.049940633,0.046797936,0.034361029,0.024488667,0.028325681,0.070888343,0.059775708,0.052150936,0.052349419,0.043582405,0.054758688,-0.011176283,38.5,21.94
2015,167,0,0.045358945,0.046779568,0.044488394,0.034744548,0.023478903,0.024185954,0.069795801,0.059746607,0.05216819,0.052249017,0.04126173,0.054721271,-0.013459541,38.45,24.05
2015,168,0,0.041067632,0.044209247,0.041977646,0.035081978,0.021665902,0.020727139,0.068906495,0.059664978,0.052068562,0.05226987,0.039090863,0.054667803,-0.01557694,39.6,23.09
2015,169,0,0.037381466,0.041680227,0.039118052,0.035208059,0.020107597,0.017565817,0.067403259,0.059560855,0.051961336,0.052205186,0.036923497,0.054575792,-0.017652296,39.92,23.98
2015,170,0,0.034700402,0.038827718,0.035893976,0.035274846,0.0191519,0.015756535,0.065407377,0.059423453,0.051908188,0.052191709,0.035001822,0.054507783,-0.019505961,40.56,23.96
2015,171,0,0.032778903,0.036092232,0.032792604,0.035192559,0.018492241,0.014513468,0.062689756,0.059268622,0.051806234,0.052105643,0.03322168,0.054393499,-0.021171819,40.21,23.02
2015,172,0,0.031391572,0.033727316,0.030324672,0.034971095,0.018453212,0.013924587,0.059674803,0.059111492,0.0516513,0.052069971,0.031781037,0.054277588,-0.022496551,37.81,21.91
2015,173,0,0.030771033,0.032085539,0.028961932,0.034587807,0.018349995,0.013557326,0.056957285,0.058960011,0.051495537,0.052029448,0.030752988,0.054161665,-0.023408678,38.44,22.25
2015,174,0,0.029922846,0.030718888,0.02781779,0.034180106,0.017445905,0.012630859,0.054626218,0.058810831,0.051394562,0.051951103,0.029620373,0.054052165,-0.024431792,38.95,22.99
2015,175,0,0.028995774,0.029386618,0.026800995,0.033615681,0.017861133,0.01246315,0.052438986,0.058691692,0.05126857,0.051920951,0.02879462,0.053960404,-0.025165785,37.41,25.6
2015,176,0.254,0.028996676,0.028672174,0.026202596,0.032896637,0.019946736,0.013639833,0.05099866,0.058565471,0.051265578,0.051855948,0.028764759,0.053895665,-0.025130907,37.44,24
2015,177,0,0.029550391,0.028713778,0.026404851,0.032334607,0.021016996,0.015184326,0.050562675,0.058424633,0.051142694,0.051793874,0.02910966,0.053787067,-0.024677407,37.32,21.91
2015,178,0,0.029353619,0.028354792,0.026201855,0.031559154,0.01977151,0.014011561,0.049758596,0.058244768,0.050948397,0.051791339,0.028430155,0.053661501,-0.025231346,38.37,22.05
2015,179,4.826,0.030538527,0.029208066,0.026052981,0.030876636,0.031499294,0.026678977,0.048876999,0.058096079,0.050897333,0.051772618,0.03196164,0.053588677,-0.021627037,34.71,21.65
2015,180,0.762,0.03510102,0.033738635,0.028196372,0.030632155,0.054478629,0.051877574,0.050692108,0.05798129,0.0508509,0.051741208,0.040673785,0.053524466,-0.012850681,36.29,20.19
2015,181,32.764,0.062594208,0.097679771,0.073012871,0.031759157,0.073818304,0.081882191,0.068243613,0.058017328,0.050895654,0.051676782,0.069855731,0.053529921,0.01632581,33.02,18.48
2015,182,1.524,0.082558895,0.117285463,0.114109769,0.062215946,0.091977121,0.101320925,0.139197967,0.058120933,0.051030171,0.051610814,0.101238012,0.053587306,0.047650706,30.27,18.68
2015,183,0,0.084731178,0.102877364,0.107725084,0.066534346,0.085002853,0.087422251,0.129662386,0.058145439,0.051093802,0.051726196,0.09485078,0.053655146,0.041195634,34.53,20.03
2015,184,0,0.084892487,0.090673797,0.099857874,0.069850893,0.072987145,0.071777381,0.119341316,0.058128026,0.051090114,0.051887253,0.087054413,0.053701798,0.033352615,34.98,24.05
2015,185,0,0.082727131,0.079924368,0.091271788,0.071869874,0.066335652,0.062672871,0.112011638,0.058278713,0.051159365,0.051811824,0.080973332,0.053749967,0.027223364,31.24,23.31
2015,186,0,0.080162881,0.07278411,0.084559019,0.071317096,0.062327611,0.057729711,0.106599087,0.058410989,0.05127052,0.051835677,0.076497074,0.053839062,0.022658012,27.67,21.08
2015,187,0,0.077152653,0.066347985,0.077812838,0.069271042,0.054641703,0.052435793,0.101952663,0.05843975,0.051300196,0.051890879,0.071373525,0.053876942,0.017496584,33.42,19.85
2015,188,0,0.073582321,0.060230193,0.070833328,0.066255371,0.044628755,0.045676139,0.096530084,0.058467319,0.051373904,0.051945255,0.065390884,0.053928826,0.011462058,34.47,21.6
2015,189,0,0.069323306,0.055790063,0.065310988,0.062937386,0.036280666,0.038828393,0.091629788,0.058568963,0.051382849,0.051982953,0.06001437,0.053978255,0.006036115,34.75,21.59
2015,190,0,0.06452412,0.052904939,0.061591349,0.059854562,0.033952325,0.034502572,0.086752587,0.058648097,0.051456498,0.051964284,0.056297493,0.05402296,0.002274534,31.08,22.11
2015,191,0,0.060449208,0.051373693,0.059249246,0.057372905,0.032706471,0.032664539,0.083874823,0.058641142,0.051546368,0.051925756,0.053955841,0.054037756,-8.19149E-05,32.54,23.07
2015,192,0,0.055992325,0.049383097,0.056796485,0.055198257,0.029682134,0.028517295,0.08098059,0.058713119,0.051559903,0.051980857,0.05093574,0.054084626,-0.003148886,35.67,21.55
2015,193,3.81,0.05175201,0.047999277,0.054600819,0.053225492,0.039502604,0.036573998,0.078095665,0.058754967,0.051563555,0.05201946,0.051678552,0.05411266,-0.002434108,35.09,21.72
2015,194,0.762,0.051080743,0.047469217,0.053277707,0.05178734,0.055919046,0.05427314,0.077226212,0.058801469,0.05164738,0.052005994,0.055861915,0.054151614,0.0017103,33.62,21.73
2015,195,0,0.051315099,0.046492185,0.051784147,0.050422836,0.048623443,0.047661992,0.076224029,0.058820463,0.051585241,0.052033902,0.053217676,0.054146535,-0.000928859,36,20.27
2015,196,0,0.050183177,0.045304989,0.050241123,0.04909465,0.038358904,0.039906458,0.074703091,0.058853025,0.051649786,0.052055264,0.049684627,0.054186025,-0.004501398,35.08,20.8
2015,197,0,0.04686536,0.044184208,0.048745365,0.047745193,0.031593746,0.032831497,0.073364605,0.058896518,0.051631987,0.052079842,0.046475711,0.054202782,-0.007727072,37.01,21.57
2015,198,0.254,0.044401759,0.043380536,0.04756264,0.046660157,0.031782918,0.030138826,0.071927861,0.058987352,0.051623683,0.052065144,0.0451221,0.054225393,-0.009103293,30.79,21
2015,199,1.016,0.043207642,0.042680054,0.046564943,0.045617677,0.03450691,0.030664313,0.071016522,0.059044033,0.051654543,0.052095069,0.044894009,0.054264548,-0.009370539,29.52,19.75
2015,200,0.254,0.043301784,0.042231808,0.045663093,0.044949621,0.036423541,0.033253839,0.07091138,0.059024714,0.051620315,0.052070176,0.045247867,0.054238402,-0.008990535,32.1,18.08
2015,201,0,0.042245282,0.041185563,0.044385823,0.044026027,0.030602838,0.028063958,0.069942925,0.059024696,0.051656815,0.052102317,0.042921774,0.054261276,-0.011339503,33.78,19.85
2015,202,0,0.039978672,0.039925113,0.042688642,0.04304543,0.026542522,0.023376603,0.06873792,0.059029995,0.051563887,0.052139381,0.040613557,0.054244421,-0.013630864,36.04,21.18
2015,203,0,0.037675168,0.038471878,0.040424099,0.042143743,0.026011734,0.021087893,0.067206189,0.058973838,0.051579521,0.05212272,0.039002958,0.054225359,-0.015222402,33.61,20.85
2015,204,4.318,0.037583527,0.037555742,0.038180873,0.04140199,0.039803744,0.031892825,0.066000443,0.059054621,0.051622067,0.052108171,0.041774164,0.054261619,-0.012487456,26.73,20.94
2015,205,0,0.039135295,0.03765321,0.037515022,0.041108899,0.057301853,0.052729763,0.066469606,0.059031426,0.051583694,0.052110476,0.047416236,0.054241865,-0.00682563,32.66,18.95
2015,206,0,0.039716239,0.037223853,0.037293942,0.040544167,0.047379295,0.044851647,0.066159818,0.058950187,0.051519538,0.052107556,0.044738423,0.054192427,-0.009454004,35.27,22.8
2015,207,0,0.038112268,0.036352002,0.036306919,0.039713948,0.035868788,0.036898544,0.065976767,0.058948562,0.051515011,0.052145562,0.041318462,0.054203045,-0.012884583,35.77,23.3
2015,208,0.508,0.035704072,0.035088137,0.034485289,0.039076559,0.029165629,0.02984363,0.065617408,0.058889289,0.051402519,0.052124754,0.038425818,0.054138854,-0.015713036,35.57,22.72
2015,209,12.7,0.042287344,0.046500202,0.034652096,0.038561687,0.041599134,0.042179937,0.066712525,0.058829136,0.051383374,0.052068686,0.044641846,0.054093732,-0.009451885,35.35,19.61
2015,210,3.81,0.071484348,0.088653375,0.05649535,0.03888973,0.080374143,0.09166807,0.085837944,0.058900217,0.051446167,0.052034905,0.07334328,0.054127096,0.019216184,31.77,20.27
2015,211,0.254,0.074785503,0.081553945,0.063939548,0.039129589,0.07887971,0.086333874,0.088531619,0.058869074,0.051501444,0.052025677,0.073307684,0.054132065,0.019175619,34.67,20.85
2015,212,19.052,0.081300408,0.095030306,0.086779998,0.058917276,0.078579105,0.086233172,0.107496373,0.058901906,0.051466339,0.052078566,0.084905234,0.054148937,0.030756297,33.8,21.19
2015,213,1.016,0.092569368,0.105907891,0.113413506,0.078543588,0.088116792,0.095731721,0.131054945,0.058949185,0.051561232,0.052123968,0.100762544,0.054211462,0.046551083,33.24,19.95
2015,214,0,0.089404,0.090693961,0.104315258,0.075205701,0.074599015,0.079871165,0.118444765,0.058960977,0.051594801,0.052132591,0.090361981,0.054229456,0.036132525,35.39,21.17
2015,215,0,0.08413741,0.075234199,0.091871518,0.069301667,0.058508636,0.060884515,0.105319639,0.059036706,0.051651369,0.052192172,0.077893941,0.054293416,0.023600525,36.82,22.33
2015,216,0,0.079186279,0.063581857,0.079740244,0.062920957,0.045748317,0.047086873,0.09245946,0.05909762,0.05174666,0.05222424,0.067246284,0.054356173,0.01289011,38.42,22.38
2015,217,0,0.074714386,0.056977595,0.071193174,0.057835484,0.036675749,0.036864552,0.082755503,0.059136311,0.05177386,0.052213541,0.059573778,0.054374571,0.005199207,38.36,29.86
2015,218,0.254,0.070698182,0.054402629,0.067171578,0.054407148,0.037656202,0.034956552,0.078254855,0.059158645,0.051875071,0.052232549,0.056792449,0.054422088,0.002370361,32.4,22.84
2015,219,0,0.067123977,0.052517483,0.064375268,0.051920274,0.034569104,0.032741713,0.076826074,0.05921855,0.05186044,0.052217643,0.05429627,0.054432211,-0.000135941,34.64,23.15
2015,220,1.27,0.063453877,0.050296622,0.061256881,0.049714911,0.037125176,0.033456641,0.074076382,0.059277032,0.051855045,0.052202547,0.052768641,0.054444875,-0.001676233,33.67,20.44
2015,221,7.624,0.066467446,0.052509137,0.063766169,0.047896696,0.047437295,0.050017322,0.072204906,0.059331827,0.051849604,0.052254501,0.057185567,0.054478644,0.002706923,34.49,20.94
2015,222,0.254,0.067093221,0.052419245,0.064946137,0.047067194,0.064426326,0.072687181,0.072414166,0.059330047,0.051872984,0.052298046,0.063007638,0.054500359,0.008507279,33.1,21.07
2015,223,1.778,0.062328824,0.048975806,0.059739089,0.046173103,0.060600193,0.062157914,0.072586205,0.059369941,0.051845531,0.052291655,0.058937305,0.054502376,0.004434929,34.82,19.23
2015,224,8.638,0.067549309,0.065404704,0.061968711,0.045322638,0.062313121,0.067375551,0.072567617,0.059306661,0.051918297,0.052370708,0.063214521,0.054531889,0.008682633,36.91,21.99
2015,225,0,0.072514795,0.07650915,0.069479792,0.045876236,0.07010178,0.081103079,0.075140652,0.059387493,0.051895942,0.052387498,0.070103641,0.054556978,0.015546663,38.14,21.79
2015,226,0,0.064396233,0.054470054,0.060719628,0.045388053,0.052524519,0.054447875,0.074915981,0.059370048,0.051912793,0.052389983,0.058123192,0.054557608,0.003565584,39.56,24.2
2015,227,4.318,0.066627777,0.051919143,0.056821761,0.044757376,0.05060005,0.05272846,0.073431562,0.059438602,0.0519621,0.052382368,0.056698018,0.054594357,0.002103661,39.67,23.25
2015,228,0,0.065483041,0.04969746,0.055067233,0.044293944,0.055816731,0.058107291,0.072913697,0.059425384,0.0519338,0.052358828,0.057339914,0.054572671,0.002767243,37.77,23.38
2015,229,0,0.059695291,0.045579125,0.053071407,0.043446569,0.041587239,0.040933061,0.071816144,0.05942446,0.051949008,0.052376219,0.050875548,0.054583229,-0.003707681,36.8,22.26
2015,230,0,0.056705389,0.04403045,0.051241252,0.042514131,0.032827188,0.031566236,0.07053749,0.059494613,0.051981062,0.052346143,0.047060305,0.054607273,-0.007546968,36.84,20.89
2015,231,0,0.052781333,0.042983684,0.049758402,0.041664686,0.028618265,0.026567599,0.069299102,0.059496297,0.051988496,0.05235016,0.044524724,0.054611651,-0.010086927,37.2,19.48
2015,232,0,0.048406156,0.04218513,0.048493745,0.040652547,0.028561967,0.024718888,0.068160148,0.059450068,0.052000473,0.052357927,0.043025512,0.054602823,-0.011577311,34.55,21.76
2015,233,0,0.045276957,0.041663223,0.04755015,0.040107389,0.027637182,0.024028,0.067931814,0.059424082,0.051893855,0.052282858,0.042027816,0.054533598,-0.012505782,35.34,21.62
2015,234,0,0.042355622,0.040540215,0.046464862,0.039260937,0.028092401,0.023011547,0.066909708,0.059366808,0.051890745,0.05230198,0.040947899,0.054519844,-0.013571945,34.34,21.32
2015,235,18.03,0.047917469,0.055076621,0.054451598,0.044744068,0.036419613,0.03808384,0.067856673,0.059287419,0.05186515,0.05227408,0.049221412,0.05447555,-0.005254138,36.15,19.99
2015,236,1.016,0.077643848,0.102271503,0.105444663,0.068704496,0.078774299,0.093260441,0.103401902,0.059309416,0.05181892,0.052272778,0.089928736,0.054467038,0.035461698,33.95,21.37
2015,237,11.938,0.084228175,0.104425271,0.112082842,0.063684863,0.087836262,0.098268038,0.11684583,0.059438487,0.051793706,0.052359535,0.095338754,0.054530576,0.040808178,30.22,20.34
2015,238,0.254,0.092114643,0.106615671,0.117792277,0.071303205,0.088048289,0.09667333,0.133703916,0.059368943,0.051839225,0.052370152,0.100893047,0.054526107,0.04636694,32.85,20.23
2015,239,0,0.086065653,0.086486759,0.103183308,0.063834951,0.075050412,0.078809558,0.11986651,0.059366258,0.051828918,0.052487829,0.087613879,0.054561002,0.033052877,33.23,20.73
2015,240,0,0.079380766,0.069963217,0.08756446,0.05770734,0.061849265,0.062990987,0.108776851,0.059339005,0.051866751,0.052490199,0.075461841,0.054565319,0.020896522,35.27,20.74
2015,241,28.192,0.088140442,0.08809183,0.097275925,0.070386276,0.06947718,0.076141069,0.118313641,0.059469857,0.051895407,0.052604232,0.086832338,0.054656499,0.032175839,36.51,20.09
2015,242,0,0.103384635,0.109125743,0.121527799,0.112291722,0.089651726,0.097471656,0.138153859,0.059539229,0.051892112,0.052598882,0.110229591,0.054676741,0.05555285,33.56,21.75
2015,243,0,0.09701645,0.090873136,0.109091554,0.101872263,0.079196173,0.081689161,0.126868566,0.059626421,0.051922757,0.05262133,0.098086757,0.054723503,0.043363255,32.86,20.07
2015,244,0,0.090868904,0.075498512,0.095864711,0.090249059,0.069879113,0.06880188,0.119242523,0.059860787,0.052038375,0.052671771,0.087200672,0.054856978,0.032343694,32.11,19.41
2015,245,0,0.085861933,0.065807683,0.084588102,0.079141854,0.062891584,0.060449978,0.113301312,0.060205663,0.052181243,0.052730064,0.078863207,0.05503899,0.023824217,31.1,21.86
2015,246,27.686,0.098991017,0.088680066,0.097107933,0.089022201,0.077174662,0.080695487,0.126165363,0.060615405,0.0523344,0.052764771,0.093976675,0.055238192,0.038738483,30.37,17.71
2015,247,0.254,0.114225764,0.11663363,0.126152401,0.120406744,0.095965896,0.103999225,0.144348463,0.073542748,0.052482029,0.052787889,0.117390303,0.059604222,0.057786081,25.74,16.49
2015,248,2.286,0.108868119,0.105201114,0.118782033,0.107938636,0.09702116,0.103915664,0.138699522,0.085144747,0.052502428,0.052932364,0.111489464,0.063526513,0.047962951,26.26,18.43
2015,249,24.128,0.11431899,0.109711637,0.121415609,0.108275408,0.098494303,0.105690996,0.144574162,0.08976825,0.052580468,0.052932561,0.114640158,0.065093759,0.049546399,32.16,19.04
2015,250,0.254,0.121166319,0.119412442,0.131291934,0.11962445,0.098531537,0.104021319,0.146125366,0.124663925,0.05263378,0.052998686,0.120024767,0.076765464,0.043259303,32.2,19.93
2015,251,0,0.112322915,0.099387264,0.117727797,0.103027018,0.087713573,0.089263801,0.132773978,0.126132394,0.052823255,0.052929965,0.106030907,0.077295204,0.028735702,31.29,21.47
2015,252,0,0.107178876,0.086943019,0.107669719,0.094031326,0.081844795,0.081044743,0.127375375,0.122797586,0.053996954,0.052939905,0.09801255,0.076578148,0.021434402,28.98,18.14
2015,253,1.778,0.103507948,0.079867392,0.100719114,0.087316702,0.083249658,0.081598797,0.123455374,0.120682301,0.061128831,0.052898448,0.094244998,0.078236527,0.016008471,25.62,20.57
2015,254,0,0.100176952,0.072923793,0.093447582,0.080619178,0.082378144,0.081305972,0.121269667,0.118911768,0.070790312,0.052950823,0.090303041,0.080884301,0.00941874,31.63,19.93
2015,255,0,0.094663598,0.063275359,0.082130029,0.069585256,0.071668542,0.068864679,0.116925863,0.116995281,0.075403545,0.053025237,0.081016189,0.081808021,-0.000791831,34.51,21.36
2015,256,0,0.089998177,0.059091169,0.075520256,0.06057709,0.065449923,0.061223945,0.112327171,0.115326861,0.07767136,0.053050143,0.074883962,0.082016121,-0.00713216,33.07,21.17
2015,257,0,0.086546725,0.056968816,0.071774251,0.055194958,0.059791352,0.055587084,0.108098531,0.113669785,0.079033265,0.053016653,0.070565959,0.081906568,-0.011340608,31.56,18.18
2015,258,0,0.083524563,0.054750164,0.068556871,0.05153469,0.054085426,0.050045545,0.103351267,0.112054476,0.079920536,0.053042899,0.066549789,0.081672637,-0.015122848,30.48,19.36
2015,259,0,0.081092923,0.053134794,0.066117027,0.049058858,0.050271842,0.046080993,0.099499159,0.110420653,0.080425672,0.053105887,0.063607942,0.081317404,-0.017709462,31.87,17.99
2015,260,0,0.078875491,0.051236874,0.063568878,0.046820575,0.046031696,0.041845421,0.095730389,0.108404421,0.080639042,0.053069683,0.060587046,0.080704382,-0.020117336,32.67,19.35
2015,261,0,0.076465422,0.049657731,0.06112636,0.044916831,0.042056505,0.038244856,0.09252009,0.106307537,0.080518141,0.053102962,0.057855399,0.079976214,-0.022120814,33.63,19.28
2015,262,1.778,0.074173317,0.049032815,0.059532986,0.043737588,0.044040938,0.040361611,0.089791839,0.104177296,0.080113549,0.053147683,0.057238728,0.079146176,-0.021907448,30.28,19.84
2015,263,0,0.072235747,0.04879188,0.058551607,0.043153714,0.048982044,0.045047729,0.088545691,0.102141144,0.079599915,0.053134164,0.057901202,0.078291741,-0.020390539,31.47,17.8
2015,264,51.562,0.102221548,0.097563296,0.097578317,0.084926889,0.08917497,0.093136876,0.127357804,0.109052066,0.078883348,0.053248598,0.098851386,0.08039467,0.018456715,21.81,18.01
2015,265,5.842,0.11839284,0.119761569,0.129231368,0.116019111,0.104245324,0.110139433,0.148614736,0.13408521,0.093572183,0.053185626,0.120914911,0.09361434,0.027300572,28.14,18.78
2015,266,0.254,0.115734701,0.111066499,0.123777814,0.109787662,0.099055361,0.102973792,0.143723747,0.130754095,0.110789647,0.053253066,0.11515994,0.098265603,0.016894337,29.81,16.95
2015,267,0,0.110373991,0.095613483,0.111851497,0.098467905,0.089839591,0.090381798,0.133953076,0.127814083,0.11356046,0.053348181,0.104354477,0.098240908,0.006113569,32.98,18.03
2015,268,0,0.104796508,0.079803409,0.098033509,0.087225545,0.080872062,0.078741223,0.127438787,0.124247173,0.113170223,0.053649711,0.093844435,0.097022369,-0.003177934,31.7,22.33
2015,269,0,0.099313279,0.068198793,0.0853186,0.075843748,0.073984114,0.069966329,0.122049421,0.121212196,0.112063746,0.05542861,0.084953469,0.096234851,-0.011281382,33.65,22.84
2015,270,0,0.094385789,0.061840288,0.076521251,0.065026557,0.06874951,0.063182604,0.117300451,0.118711358,0.110752767,0.058074583,0.078143779,0.095846236,-0.017702457,33.91,18.76
2015,271,0,0.090280492,0.058354735,0.071368069,0.057287575,0.064070795,0.05777284,0.112959682,0.116567642,0.109336158,0.060938414,0.073156313,0.095614071,-0.022457759,33.22,19.09
2015,272,0,0.086837349,0.05611197,0.06801543,0.052619187,0.05968969,0.053131372,0.108679829,0.114556123,0.107715948,0.06276274,0.069297832,0.095011603,-0.025713771,34.18,18.92
2015,273,0,0.083774057,0.053997699,0.065159661,0.049372144,0.055307453,0.04895287,0.104799317,0.112688437,0.106125467,0.063897031,0.065909029,0.094236978,-0.02832795,35.49,20.61
2015,274,0,0.080869808,0.051971332,0.062497692,0.046804043,0.050976176,0.04485844,0.100918075,0.110720911,0.104385015,0.064630363,0.062699366,0.093245429,-0.030546063,35.32,20.42
2015,275,0,0.077741601,0.050470277,0.06035222,0.044800977,0.047400221,0.041569988,0.097663996,0.108632608,0.102668591,0.06515911,0.059999897,0.092153436,-0.032153539,32.71,18.19
2015,276,0,0.074414715,0.049582179,0.058802709,0.0433953,0.045111935,0.039510164,0.095067076,0.106715285,0.101032115,0.065461568,0.05798344,0.091069656,-0.033086216,29.15,15.01
2015,277,0,0.070903761,0.048971196,0.057846403,0.042560277,0.043133228,0.037979343,0.093011819,0.10487094,0.099401164,0.065657539,0.056343718,0.089976548,-0.03363283,29.07,19.51
2015,278,0.254,0.067350308,0.048441229,0.057008572,0.041984451,0.04347538,0.038284209,0.0912723,0.103160156,0.097869287,0.065720443,0.05540235,0.088916628,-0.033514278,25.76,18.23
2015,279,3.048,0.064266802,0.047955239,0.0562791,0.041515125,0.04450252,0.04075979,0.090062576,0.101495967,0.096539188,0.065555411,0.055048736,0.087863522,-0.032814786,26.19,14.32
2015,280,0,0.062764608,0.047805772,0.05566428,0.041388734,0.057778032,0.053805918,0.089079449,0.100271988,0.095285137,0.065504756,0.058326685,0.087020627,-0.028693942,22.15,11.78
2015,281,0,0.06225949,0.047615511,0.055191371,0.041235671,0.056710132,0.051714547,0.088662918,0.09899673,0.094300182,0.065428295,0.057627091,0.086241736,-0.028614645,26.98,11.46
2015,282,0,0.061570436,0.046959676,0.054440045,0.040683504,0.053540455,0.049284975,0.088081824,0.097486553,0.093109691,0.065164654,0.056365845,0.085253633,-0.028887788,26.9,16.25
2015,283,0,0.060279418,0.046091483,0.053589132,0.040125616,0.049474745,0.045963086,0.087340326,0.095645115,0.091858763,0.064852104,0.054694829,0.084118661,-0.029423831,29.91,18.35
2015,284,0,0.058200912,0.045208123,0.052535322,0.039485223,0.046162118,0.042816424,0.086326444,0.09385839,0.090638784,0.064552538,0.052962081,0.083016571,-0.03005449,30.74,17.69
2015,285,0,0.055759446,0.044420254,0.051693796,0.039025442,0.043391379,0.040368121,0.085587764,0.092223469,0.089298605,0.064186269,0.051463743,0.081902781,-0.030439038,30.5,19.51
2015,286,0,0.053084588,0.043605279,0.050655112,0.038671348,0.041017573,0.038005946,0.084930314,0.090614543,0.088183813,0.063746274,0.049995737,0.08084821,-0.030852473,31.39,17.45
2015,287,0,0.050648657,0.042821346,0.049549302,0.038252012,0.039305846,0.036211105,0.084171638,0.089062113,0.086796365,0.063306765,0.048708558,0.079721748,-0.03101319,32.27,17.7
2015,288,0.508,0.048868664,0.042435611,0.04859886,0.038083643,0.040612567,0.036676863,0.0834532,0.087843417,0.085717762,0.063010985,0.048389915,0.078857388,-0.030467473,27.39,18.6
2015,289,6.604,0.048611047,0.042297289,0.047952369,0.038248424,0.05045167,0.04571379,0.083249331,0.086576437,0.084528896,0.062801929,0.050931989,0.077969088,-0.027037099,29.76,16.6
2015,290,12.192,0.057732817,0.050612386,0.052187484,0.039790381,0.090481342,0.092785303,0.088792179,0.085507705,0.083440608,0.06255461,0.067483127,0.077167641,-0.009684514,27.96,16.06
2015,291,0.254,0.08650426,0.096762756,0.087028768,0.054438446,0.09897382,0.107726463,0.139934465,0.084714672,0.082428079,0.062388221,0.095909854,0.076510324,0.01939953,28.67,15.45
2015,292,0,0.080078049,0.077896857,0.079901908,0.049866814,0.091797258,0.096833688,0.132131782,0.08397613,0.08163395,0.062269844,0.086929479,0.075959974,0.010969505,27.88,17.03
2015,293,3.81,0.077361129,0.065663277,0.072103029,0.047129428,0.087511118,0.090470276,0.126016538,0.083271674,0.080999806,0.062053236,0.080893542,0.075441572,0.00545197,24.27,12.11
2015,294,6.858,0.097564994,0.106045735,0.091310838,0.051274509,0.105413103,0.114416373,0.148340391,0.082944901,0.08053548,0.061975342,0.102052278,0.075151908,0.02690037,19.66,10.1
2015,295,0,0.094762737,0.099902278,0.095409756,0.054113458,0.099689826,0.106231872,0.14617828,0.082583714,0.079962268,0.061952424,0.099469744,0.074832802,0.024636942,21.38,8.89
2015,296,0,0.090982587,0.085207876,0.088590635,0.051512383,0.094569227,0.099114194,0.139512066,0.082142355,0.079305363,0.061853103,0.092784138,0.074433607,0.018350531,23.12,10.38
2015,297,0,0.087368239,0.072216781,0.080354628,0.049023052,0.089198748,0.091891015,0.134272156,0.08156676,0.078525397,0.061687092,0.086332088,0.073926416,0.012405672,27.54,14.16
2015,298,0,0.084012935,0.062879861,0.072708206,0.047106568,0.082777571,0.083443012,0.129210906,0.080995279,0.077810447,0.061503056,0.08030558,0.073436261,0.006869319,27.82,17.73
2015,299,0,0.081098401,0.05807619,0.067485307,0.045823911,0.077730053,0.076390214,0.124536715,0.080667574,0.077057441,0.061411755,0.075877256,0.07304559,0.002831666,27.92,15.14
2015,300,0,0.078511007,0.05482296,0.063595622,0.044652412,0.073890753,0.071169431,0.120698788,0.080118071,0.076396214,0.061287015,0.072477282,0.072600433,-0.000123152,26.8,13.05
2015,301,0,0.076339528,0.052567785,0.060578699,0.043700561,0.070706424,0.067102336,0.117339485,0.079593973,0.075825078,0.061200539,0.069762117,0.07220653,-0.002444413,26.53,13.41
2015,302,1.016,0.074704321,0.051096637,0.058538766,0.042916842,0.068147466,0.064342599,0.114364392,0.079197866,0.075208931,0.061046901,0.067730146,0.0718179,-0.004087754,24.06,11.02
2015,303,6.604,0.087034476,0.050943645,0.057543597,0.042653037,0.097927078,0.101080265,0.116390785,0.079074346,0.074840214,0.060950697,0.079081841,0.071621752,0.007460088,14.99,9.53
2015,304,0.254,0.083271137,0.050993225,0.057309376,0.042766601,0.097954615,0.104445997,0.126659055,0.078720786,0.074449321,0.060838206,0.080485715,0.071336105,0.00914961,21.03,7.557
2015,305,0,0.078947967,0.050250652,0.0566665,0.042474494,0.092312771,0.097336806,0.126950811,0.07832814,0.073907405,0.060772971,0.077848572,0.071002839,0.006845733,25.19,9.16
2015,306,0,0.075953632,0.04931727,0.055738941,0.042004165,0.086934879,0.090384995,0.124482127,0.077908609,0.073277078,0.060692446,0.074973716,0.070626044,0.004347671,27.78,10.9
2015,307,0,0.073762051,0.048450489,0.054808364,0.041539517,0.08110822,0.082641968,0.121319527,0.077455568,0.072579875,0.060601116,0.071947163,0.070212186,0.001734976,23.58,15.76
2015,308,2.286,0.072707425,0.048493448,0.054266506,0.041240317,0.088488093,0.089944095,0.118616349,0.07725616,0.072051706,0.060472585,0.073393748,0.069926817,0.003466931,16.92,8.29
2015,309,0,0.071698608,0.048411269,0.053813839,0.041211606,0.085230746,0.086926897,0.11798943,0.077062987,0.071753971,0.060461378,0.072183199,0.069759445,0.002423754,17.21,4.911
2015,310,0,0.070546269,0.048052505,0.053374674,0.040941221,0.080382044,0.080970139,0.117337262,0.076756356,0.071292352,0.060424847,0.070229159,0.069491185,0.000737974,19.12,3.138
2015,311,0,0.069531284,0.047673038,0.052966981,0.040678252,0.069037313,0.076020898,0.115406285,0.076412944,0.070778885,0.060353615,0.067330579,0.069181814,-0.001851236,26.05,5.43
2015,312,0,0.067995086,0.046890194,0.052424912,0.040306268,0.065488522,0.071852682,0.113665683,0.076083658,0.070124342,0.060254114,0.065517621,0.068820705,-0.003303084,25.11,11.56
2015,313,0,0.066218253,0.046426784,0.051833692,0.039859577,0.063286568,0.068289095,0.11163514,0.075791407,0.06963724,0.060148231,0.063935587,0.068525626,-0.004590039,24.34,9.97
2015,314,0,0.064298622,0.04611585,0.051417136,0.039619945,0.061303743,0.065409702,0.10968511,0.07569115,0.069339398,0.060083239,0.062550015,0.068371263,-0.005821247,20.9,6.84
2015,315,0,0.062307335,0.045905109,0.051042928,0.039565887,0.06011286,0.063264477,0.107885695,0.075559734,0.068977459,0.05997408,0.061440613,0.068170424,-0.006729811,15.72,1.962
2015,316,0,0.0604735,0.045574842,0.05081449,0.039453471,0.058895352,0.061789113,0.106820062,0.07531892,0.068580933,0.059904643,0.060545833,0.067934832,-0.007388999,23.51,3.597
2015,317,0,0.057881733,0.04479146,0.050340436,0.03925428,0.056975375,0.05978892,0.105547534,0.075010248,0.06815853,0.059822173,0.059225677,0.06766365,-0.008437973,25.58,9.52
2015,318,0,0.055436035,0.044190099,0.049814456,0.039016604,0.055333275,0.058002856,0.104309154,0.074824161,0.067758048,0.059741688,0.05801464,0.067441299,-0.009426659,25.9,8.08
2015,319,2.794,0.053355912,0.043716404,0.049269426,0.038997695,0.061255521,0.065209217,0.102924215,0.074688721,0.067553721,0.059647437,0.059246913,0.067296626,-0.008049714,20.56,9.92
2015,320,5.588,0.066357593,0.046086756,0.050686998,0.039218524,0.082026548,0.088727604,0.103109767,0.074654853,0.06741778,0.059542941,0.068030541,0.067205191,0.00082535,16.01,2.618
2015,321,0,0.068720713,0.049618313,0.053284978,0.039519389,0.085976513,0.098434787,0.10811483,0.074535594,0.067171275,0.0595384,0.071952789,0.067081756,0.004871033,12.84,0.356
2015,322,0,0.065946978,0.049465466,0.053358223,0.039491482,0.082048781,0.094371732,0.110494629,0.074334464,0.066847374,0.05953177,0.070739613,0.066904536,0.003835077,17.29,2.128
2015,323,0,0.064151593,0.04894512,0.053151897,0.039464621,0.078626232,0.089979305,0.111566528,0.074166081,0.066524434,0.059487493,0.069412185,0.066726003,0.002686182,25.7,3.829
2015,324,0,0.062331323,0.048336388,0.052775089,0.039431805,0.075260624,0.085598888,0.111745062,0.073985598,0.066179834,0.059397622,0.067925597,0.066521018,0.001404579,25.56,8.31
2015,325,0,0.060540681,0.04774822,0.052296112,0.039363437,0.071903443,0.080924231,0.111251084,0.073866888,0.065935789,0.059275829,0.066289601,0.066359502,-6.99004E-05,26.24,8.87
2015,326,0,0.058437956,0.047078595,0.051698082,0.039290558,0.068350042,0.075691183,0.1102221,0.07378111,0.065742654,0.059201454,0.064395502,0.066241739,-0.001846237,25.28,12.73
2015,327,0,0.056206671,0.046495693,0.051011112,0.039198256,0.065497436,0.071777799,0.108918572,0.073725629,0.065599772,0.059183106,0.062729363,0.066169503,-0.00344014,27.25,11.02
2015,328,0,0.054036713,0.046004216,0.050429264,0.039068402,0.063443808,0.06872808,0.107380702,0.073758678,0.065451827,0.059108926,0.061298741,0.066106477,-0.004807736,25.69,9.24
2015,329,0.762,0.051552029,0.045490865,0.049905593,0.039021218,0.060789359,0.066429054,0.10609632,0.073713482,0.065417394,0.059050311,0.059897777,0.066060396,-0.006162619,23.85,13.13
2015,330,0,0.049748517,0.045377188,0.04947176,0.039019642,0.061865854,0.067166227,0.104341671,0.073710561,0.065388523,0.058937469,0.059570123,0.066012184,-0.006442062,19.32,5.871
2015,331,0,0.049209381,0.045250905,0.049133214,0.0390052,0.062159595,0.065520548,0.103016263,0.073751279,0.065292733,0.058889669,0.059042158,0.065977894,-0.006935736,17.55,1.375
2015,332,0,0.048615751,0.045166827,0.048764426,0.039088591,0.061499275,0.064323619,0.102353179,0.073622013,0.065128323,0.058782478,0.058544524,0.065844271,-0.007299747,17.25,-0.167
2015,333,0,0.047959971,0.044956911,0.048460185,0.039109162,0.060606217,0.063341315,0.101958353,0.073465979,0.064994019,0.058758559,0.058056016,0.065739519,-0.007683503,16.12,0.267
2015,334,0,0.047476199,0.044881326,0.048088653,0.039161635,0.06001472,0.062488726,0.101457033,0.073347385,0.064908475,0.058809399,0.057652613,0.06568842,-0.008035807,15.21,-2.231
2015,335,0,0.047060597,0.044725192,0.047725074,0.039259094,0.059276046,0.061775172,0.101196379,0.073170867,0.064781391,0.058792759,0.057288222,0.065581672,-0.00829345,15.78,-0.158
2015,336,0,0.046285162,0.044426074,0.04730391,0.039206009,0.058215845,0.060982726,0.10077003,0.073028336,0.064606667,0.058780698,0.056741394,0.0654719,-0.008730506,2.642,0.989
2015,337,0,0.045068109,0.043824109,0.046697964,0.039119158,0.056732444,0.059883733,0.100417479,0.072957063,0.064424422,0.05875202,0.055963285,0.065377835,-0.00941455,24.43,8.75
2015,338,0,0.043916282,0.043243151,0.045948766,0.038973785,0.055052359,0.05859483,0.100011903,0.072899803,0.064244511,0.058698855,0.055105868,0.065281057,-0.010175189,25.51,8.54
2015,339,0,0.042885162,0.042665178,0.045065183,0.038823715,0.053550687,0.057244739,0.099444737,0.072859287,0.064142654,0.058608829,0.054239914,0.06520359,-0.010963676,22.75,8.82
2015,340,0,0.042220989,0.04222135,0.044203375,0.038677134,0.052406983,0.056139312,0.098881289,0.072860087,0.064043096,0.058521874,0.053535776,0.065141686,-0.01160591,26.01,7.471
2015,341,0,0.041355653,0.041676241,0.043215376,0.038602872,0.050787396,0.054623148,0.09817841,0.072868566,0.064020544,0.058429372,0.052634157,0.06510616,-0.012472004,24.2,9.53
2015,342,0,0.041225879,0.041355034,0.042460988,0.038534324,0.050519487,0.054056992,0.097466153,0.072870906,0.06386983,0.05842968,0.052231265,0.065056805,-0.01282554,24.77,7.584
2015,343,0,0.04080085,0.040902922,0.041692392,0.038418663,0.049485364,0.053087079,0.096897116,0.072848825,0.063775608,0.058398946,0.051612055,0.065007793,-0.013395738,25.25,8.73
2015,344,0,0.040288811,0.040452541,0.041009365,0.038344219,0.048450978,0.05198458,0.09629436,0.072785687,0.063749554,0.058260485,0.050974979,0.064931909,-0.01395693,26.78,10.38
2015,345,0,0.04002841,0.040133085,0.040361105,0.038244372,0.047537338,0.051144909,0.095593303,0.072785715,0.063595358,0.058299932,0.050434646,0.064893668,-0.014459022,23.29,11.14
2015,346,23.876,0.085515816,0.110380506,0.096746422,0.06832035,0.092719046,0.106319831,0.135560967,0.072762052,0.063665483,0.05821599,0.099366134,0.064881175,0.034484959,11.01,1.364
2015,347,0,0.085255813,0.109016851,0.104954911,0.07099317,0.094193411,0.109687771,0.147821299,0.072646439,0.063644443,0.058119069,0.10313189,0.064803317,0.038328572,14.49,-0.303
2015,348,8.89,0.091402125,0.110653874,0.105392943,0.07210163,0.098492061,0.114884558,0.155146492,0.072520766,0.063597266,0.058196826,0.106867669,0.064771619,0.04209605,12.24,-0.672
2015,349,0.254,0.096165788,0.117921493,0.11038156,0.083290178,0.098388651,0.115831203,0.161818918,0.072354762,0.063540466,0.05816317,0.111971113,0.064686133,0.04728498,9.75,-2.325
2015,350,0,0.09435936,0.111063672,0.104770889,0.085001686,0.094472195,0.109866152,0.154612898,0.072175924,0.063441182,0.058208811,0.107735265,0.064608639,0.043126626,9.28,-3.431
2015,351,0,0.093542079,0.106631705,0.102266991,0.086451133,0.092422078,0.106573721,0.150658606,0.072119858,0.063345763,0.058217688,0.105506616,0.064561103,0.040945513,12.22,-3.685
2015,352,0,0.092935773,0.103019365,0.100317752,0.086437882,0.091144471,0.104763049,0.147755443,0.072095034,0.063253441,0.058246671,0.103767677,0.064531715,0.039235961,21.56,0.733
2015,353,0,0.092447558,0.099943953,0.098478321,0.084968622,0.089566995,0.102568109,0.144740284,0.072118121,0.063181792,0.058243566,0.101816263,0.064514493,0.03730177,19.79,9.09
2015,354,0,0.091830595,0.09688026,0.096500157,0.082995768,0.087523043,0.099586316,0.14203583,0.072272224,0.063109161,0.058142225,0.09962171,0.06450787,0.03511384,15.69,4.999
2015,355,0,0.091174233,0.094272552,0.094521535,0.080900347,0.086017943,0.097311543,0.139796234,0.072372387,0.062985997,0.058025244,0.097713484,0.06446121,0.033252274,18.14,2.554
2015,356,0,0.09061956,0.092338207,0.092807957,0.079079711,0.084864951,0.095699369,0.138071651,0.07254904,0.062997496,0.057985726,0.096211629,0.064510754,0.031700875,15.26,3.736
2015,357,0,0.090054598,0.090090212,0.091226259,0.077377114,0.082874388,0.093216147,0.136081618,0.072800238,0.06301337,0.057834706,0.094417191,0.064549438,0.029867753,17.38,9.03
2015,358,0,0.089329103,0.087933832,0.089498588,0.075692138,0.08091127,0.090287704,0.134192934,0.073158277,0.062989373,0.057855153,0.092549367,0.064667601,0.027881766,18.42,6.748
2015,359,0,0.088526161,0.086114319,0.087744618,0.074040408,0.079330162,0.087799594,0.132689647,0.073537572,0.062914391,0.057808637,0.09089213,0.064753533,0.026138597,15.76,4.653
2015,360,0,0.08752703,0.08446449,0.086012561,0.072615696,0.078003508,0.085298713,0.131349406,0.073969687,0.062974689,0.057801207,0.089324486,0.064915194,0.024409292,6.116,-3.494
2015,361,0,0.086698537,0.083276576,0.084537025,0.071427672,0.076573669,0.082837683,0.130548695,0.074363527,0.062998823,0.057802315,0.087985694,0.065054888,0.022930805,9.36,-4.356
2015,362,0,0.085974793,0.081909199,0.083424721,0.070478053,0.075495798,0.081333689,0.129519294,0.074650628,0.06293348,0.057826782,0.086876507,0.065136963,0.021739543,14.46,-1.294
2015,363,0,0.085317557,0.081020051,0.082384989,0.069722718,0.074485486,0.079889161,0.128499642,0.075070221,0.062903082,0.05781301,0.085902801,0.065262104,0.020640696,10.13,-0.383
2015,364,0,0.084589581,0.079911768,0.081457313,0.068907292,0.073797748,0.078569089,0.127382101,0.075436982,0.0628391,0.057836289,0.084944985,0.06537079,0.019574194,13.96,-1.855
2015,365,0,0.083737111,0.078799952,0.08051698,0.068179581,0.072838451,0.077275295,0.126394388,0.075756234,0.062774382,0.057804068,0.083963108,0.065444895,0.018518213,16.28,0.701
2016,1,0,0.082972801,0.077761963,0.079736233,0.067531863,0.071779496,0.075855632,0.125395707,0.076110831,0.062766985,0.057742582,0.083004814,0.065540133,0.017464681,20.06,1.105
2016,2,0,0.081980018,0.076583936,0.078899656,0.066858593,0.070372934,0.074306957,0.124249718,0.076462861,0.062738566,0.057747222,0.081893116,0.06564955,0.016243566,19.98,7.629
2016,3,0,0.080849824,0.075385135,0.078010541,0.066154444,0.068963515,0.072620674,0.123043514,0.076877061,0.062744632,0.057649909,0.080718236,0.065757201,0.014961035,21.03,8.53
2016,4,25.654,0.094123624,0.097302805,0.090465581,0.08257191,0.085339458,0.093945377,0.141177053,0.077340647,0.062729167,0.057649049,0.097846544,0.065906287,0.031940257,15.51,6.427
2016,5,0.254,0.10766799,0.122714982,0.114879897,0.116918517,0.099082248,0.115320564,0.162560971,0.082833621,0.062763506,0.057594351,0.119877881,0.067730493,0.052147389,14.9,4.868
2016,6,5.08,0.108667999,0.122311656,0.114875595,0.111315462,0.099935193,0.116089058,0.159883814,0.110209594,0.062819698,0.057481168,0.119011254,0.07683682,0.042174434,13.37,4.848
2016,7,10.922,0.111432766,0.125820982,0.116640408,0.11344504,0.103063786,0.119732696,0.163892124,0.126335992,0.062815955,0.057372852,0.122003972,0.082174933,0.039829039,11.33,0.559
2016,8,0,0.11407757,0.129345196,0.119846803,0.120705393,0.102125116,0.119061442,0.166859405,0.13567047,0.063062069,0.057394768,0.124574418,0.085375769,0.039198649,9.73,3.186
2016,9,0,0.109397504,0.1182063,0.113822256,0.11281647,0.096873628,0.1115128,0.155156258,0.135775487,0.078103279,0.057452685,0.116826459,0.090443817,0.026382642,11.13,-0.146
2016,10,0,0.107598701,0.113388056,0.110768207,0.108024328,0.094221408,0.10798856,0.150077273,0.13263614,0.09895187,0.057366859,0.113152362,0.096318289,0.016834072,10.39,-0.005
2016,11,0,0.106475851,0.109745805,0.108572597,0.104672591,0.092260266,0.104894493,0.146575869,0.130073674,0.109746641,0.057421057,0.110456782,0.099080457,0.011376325,11.4,-0.714
2016,12,0,0.105654389,0.10707955,0.106890711,0.101895571,0.090128241,0.101943995,0.14406344,0.128212032,0.112377181,0.05734512,0.108236557,0.099311444,0.008925113,17.99,-0.541
2016,13,0,0.105072305,0.104678299,0.105373599,0.099611531,0.088266331,0.099228376,0.141886889,0.126512129,0.113156594,0.057378194,0.106302476,0.099015639,0.007286836,19.46,1.293
2016,14,0,0.104476228,0.102504556,0.10402806,0.097567022,0.086304807,0.096455909,0.139757501,0.125261715,0.113232916,0.057315145,0.104442012,0.098603259,0.005838753,17.17,2.777
2016,15,0,0.103979238,0.101050012,0.102660152,0.095658656,0.084432768,0.09375883,0.138054848,0.12400359,0.113178207,0.057462579,0.102799215,0.098214792,0.004584423,15.67,2.851
2016,16,0,0.103619281,0.099401985,0.101676887,0.094008755,0.082641298,0.090969153,0.13629252,0.123030854,0.112922613,0.058048748,0.101229983,0.098000738,0.003229244,15.24,1.835
2016,17,0,0.103199602,0.097586768,0.100496437,0.092407903,0.080788673,0.088284208,0.134438533,0.122176348,0.112714586,0.058839512,0.099600303,0.097910149,0.001690155,19.57,2.123
2016,18,0,0.102836553,0.096075033,0.099308109,0.090857695,0.078965641,0.085830958,0.132852468,0.121289502,0.11240822,0.059943569,0.098103779,0.09788043,0.000223349,22.97,4.809
2016,19,0,0.10247614,0.094455485,0.098219914,0.089277354,0.077243457,0.083256864,0.131284741,0.120548972,0.11210939,0.061395703,0.096601993,0.098018022,-0.001416028,21.88,4.714
2016,20,0,0.101870427,0.092747548,0.096947219,0.087677847,0.075568831,0.080681532,0.129806904,0.119959313,0.111742513,0.062802018,0.095042901,0.098167948,-0.003125047,20.49,4.094
2016,21,0,0.101162558,0.091250835,0.095648602,0.08605563,0.074143285,0.078442751,0.128444528,0.119419892,0.111375324,0.064064678,0.093592598,0.098286631,-0.004694033,21.09,4.548
2016,22,0,0.100318344,0.089563562,0.094335576,0.084511289,0.072634452,0.076503438,0.127215832,0.118878194,0.111035742,0.06518951,0.092154642,0.098367815,-0.006213173,23.62,6.69
2016,23,0,0.099426423,0.087728702,0.092903636,0.083004063,0.070766755,0.074468355,0.125865805,0.118434151,0.110720512,0.066142886,0.09059482,0.098432516,-0.007837696,26.12,9.54
2016,24,0,0.098084845,0.086234622,0.091379108,0.08141921,0.069537166,0.072503667,0.124533505,0.117930992,0.110434267,0.06707055,0.089098875,0.098478603,-0.009379729,18.02,2.906
2016,25,0,0.096569583,0.085051635,0.089960742,0.079938019,0.068792637,0.071241501,0.123529796,0.117428189,0.110260095,0.067877472,0.08786913,0.098521919,-0.010652788,14.47,2.347
2016,26,0,0.09509286,0.083731703,0.088655067,0.078630743,0.068091288,0.070096317,0.122518212,0.117052672,0.110015925,0.068653413,0.086688027,0.098574003,-0.011885976,16.08,0.901
2016,27,0,0.093760064,0.082282255,0.087302388,0.077402832,0.066756356,0.06888142,0.1215282,0.116714795,0.109715992,0.069501104,0.085416217,0.098643964,-0.013227747,19.62,5.876
2016,28,0,0.092331116,0.080743048,0.086006754,0.076266818,0.065515673,0.067607685,0.120539732,0.116426948,0.109440452,0.070253447,0.084144404,0.098706949,-0.014562545,21.72,3.371
2016,29,0,0.090821589,0.07921236,0.084674201,0.075123738,0.064254232,0.066340608,0.119592294,0.116093915,0.10916384,0.07097762,0.082859861,0.098745125,-0.015885265,22.29,4.111
2016,30,0,0.088987195,0.077553665,0.083295062,0.074027063,0.062657955,0.064944018,0.118584998,0.115808782,0.108904515,0.071735886,0.081435708,0.098816395,-0.017380687,22.82,7.587
2016,31,0,0.086902101,0.075781873,0.08184734,0.072825493,0.060404367,0.063077506,0.117431895,0.11543687,0.108595604,0.072511694,0.079752939,0.098848056,-0.019095117,21.72,13.49
2016,32,5.08,0.105123069,0.082322051,0.084052983,0.071677694,0.084978677,0.090258636,0.117781778,0.115134437,0.108365334,0.073279678,0.090884984,0.098926483,-0.008041499,13.77,1.618
2016,33,0,0.101190863,0.08579365,0.086396942,0.071126246,0.087535589,0.096189571,0.121877643,0.11488648,0.10802269,0.073905344,0.092872929,0.098938172,-0.006065242,8.05,-2.625
2016,34,0,0.098163314,0.085271258,0.085771427,0.070888994,0.083600997,0.092336569,0.123522385,0.114734214,0.10787246,0.074692362,0.091364992,0.099099679,-0.007734687,9.98,-3.132
2016,35,0,0.096171144,0.084156559,0.085111095,0.070747496,0.080697507,0.088821989,0.124008551,0.114505257,0.107719392,0.075516074,0.089959192,0.099246908,-0.009287716,15.15,-0.793
2016,36,0,0.094797931,0.0829388,0.084356657,0.07053922,0.078074547,0.085496761,0.123816513,0.114326563,0.10754524,0.076265053,0.088574347,0.099378952,-0.010804605,16.17,-0.024
2016,37,0,0.093576252,0.081507455,0.083639141,0.070239776,0.07507711,0.081677726,0.123161901,0.114080189,0.107343807,0.076962405,0.086982766,0.099462133,-0.012479367,22.53,7.562
2016,38,0,0.092347131,0.080165955,0.082757202,0.069734567,0.072607267,0.078049682,0.122262982,0.113894224,0.107157915,0.077625355,0.085417827,0.099559165,-0.014141338,20.66,2.956
2016,39,0,0.090826475,0.078326124,0.081746888,0.069198058,0.069832623,0.07503958,0.121331884,0.113651965,0.106903689,0.078308038,0.083757376,0.099621231,-0.015863855,25.09,10.09
2016,40,0,0.088599388,0.075554745,0.080321908,0.068315698,0.066666113,0.071653559,0.119971688,0.113349597,0.106760174,0.078865637,0.0815833,0.099658469,-0.018075169,26.2,14.87
2016,41,0,0.085797848,0.072381398,0.078422545,0.067177439,0.063834224,0.068366784,0.118475292,0.112998424,0.106475309,0.079440499,0.079207933,0.099638078,-0.020430145,27.54,11.72
2016,42,0,0.082744501,0.069523363,0.0763719,0.065824591,0.061821603,0.065592267,0.116923823,0.112915617,0.106219155,0.080034785,0.076971721,0.099723186,-0.022751465,26.98,10.53
2016,43,0,0.079661653,0.067004738,0.074275184,0.064331012,0.059738468,0.06307346,0.115286428,0.112845894,0.105932016,0.080609628,0.074767278,0.099795846,-0.025028568,28.17,10.47
2016,44,0,0.076523348,0.064793071,0.072093554,0.062770795,0.057421935,0.060533154,0.113541121,0.112724909,0.105694584,0.081241934,0.072525282,0.099887142,-0.02736186,28.08,10.84
2016,45,0,0.073471321,0.063093106,0.070036003,0.061154086,0.055375974,0.058226667,0.111644212,0.112604797,0.105488242,0.08184095,0.070428767,0.099977996,-0.029549229,25.27,9.32
2016,46,0,0.070702004,0.061747422,0.068126477,0.059592662,0.05338592,0.056030857,0.109811791,0.112415522,0.105309949,0.082423,0.068485305,0.10004949,-0.031564186,26.71,9.39
2016,47,0,0.068030323,0.060541768,0.066302239,0.05806124,0.051475965,0.053992731,0.108100017,0.1122734,0.105142372,0.082998933,0.066643469,0.100138235,-0.033494766,29.29,8.7
2016,48,0,0.065114833,0.059146685,0.06440614,0.056374647,0.04913045,0.051563076,0.106392898,0.112037298,0.104975319,0.083668322,0.064589819,0.10022698,-0.035637161,29.91,13.32
2016,49,0,0.062212191,0.058166803,0.062730555,0.054952484,0.047245938,0.049371674,0.104674676,0.111840414,0.104796013,0.084198154,0.062764903,0.100278193,-0.03751329,26.98,11.94
2016,50,0,0.059664443,0.057764502,0.061640863,0.054094844,0.046199624,0.04758959,0.103121597,0.111637614,0.104678053,0.084719317,0.061439352,0.100344995,-0.038905643,24.75,13.4
2016,51,0,0.057677857,0.057111941,0.060477241,0.053112832,0.04536258,0.046411465,0.101999464,0.111411866,0.104570038,0.085251681,0.060307626,0.100411195,-0.04010357,25.65,9.93
2016,52,0,0.055277806,0.055868855,0.058926037,0.05193036,0.04376465,0.044433608,0.100746588,0.111182539,0.104405255,0.085803076,0.058706843,0.100463623,-0.04175678,25.73,9.97
2016,53,0,0.053381547,0.055003624,0.057521273,0.050940174,0.04303806,0.043082048,0.09951479,0.110926171,0.104251348,0.086291386,0.057497359,0.100489635,-0.042992276,22.81,7.92
2016,54,0,0.051953426,0.054417428,0.056368402,0.05019972,0.042541831,0.042055138,0.09842074,0.110615932,0.104125058,0.086741948,0.056565241,0.100494313,-0.043929072,18.95,4.613
2016,55,0,0.050618726,0.053913337,0.055354772,0.049714287,0.041526624,0.040980298,0.097620458,0.110286624,0.103869699,0.087161832,0.0556755,0.100439385,-0.044763885,23.01,6.36
2016,56,0,0.049157119,0.05302806,0.054064825,0.049120761,0.040483415,0.039839479,0.096859959,0.109895321,0.103627909,0.087549526,0.054650517,0.100357585,-0.045707068,27.44,6.889
2016,57,0,0.047447858,0.051812939,0.052435195,0.048301872,0.038831081,0.038294454,0.09597826,0.109539141,0.103355703,0.087950297,0.053300237,0.100281714,-0.046981477,28.73,9.11
2016,58,0,0.045860375,0.050547171,0.050671603,0.047473744,0.037355437,0.036748124,0.094922871,0.10914721,0.10309575,0.088219887,0.051939904,0.100154282,-0.048214379,28.54,10.45
2016,59,0,0.044557787,0.049453503,0.049017121,0.046786261,0.036323231,0.035552534,0.093829437,0.108795714,0.102920232,0.088536697,0.050788553,0.100084215,-0.049295661,26.31,10.2
2016,60,0,0.043394905,0.048375273,0.047461417,0.046125916,0.035289113,0.034532981,0.092859491,0.108376433,0.102586754,0.088755284,0.049719871,0.099906157,-0.050186286,25.92,11.23
2016,61,0,0.042430433,0.04732002,0.046057342,0.045505672,0.03445706,0.033665169,0.091931979,0.107903868,0.102373825,0.088931082,0.048766811,0.099736258,-0.050969447,27.43,11.79
2016,62,0,0.041525205,0.046219547,0.044659493,0.044880568,0.033560784,0.03268925,0.091739339,0.107344533,0.102045005,0.089052671,0.047896312,0.099480736,-0.051584424,28.13,11.74
2016,63,0,0.040712985,0.045224959,0.043378259,0.044304329,0.032730105,0.031793147,0.091009046,0.106755014,0.101710845,0.089156874,0.047021833,0.099207578,-0.052185745,29.73,12.43
2016,64,0,0.039834216,0.044235634,0.042136087,0.043762783,0.031729023,0.030727001,0.090128539,0.106048614,0.101295348,0.089209504,0.046079041,0.098851155,-0.052772115,29.87,12.58
2016,65,0,0.03898733,0.043268865,0.040901917,0.043244947,0.030870326,0.029783887,0.089164541,0.105316388,0.100811045,0.0892788,0.045174545,0.098468744,-0.0532942,27.45,12.84
2016,66,0,0.038662627,0.042612461,0.039944749,0.042990067,0.030984523,0.02940246,0.088064262,0.104655618,0.100384129,0.089314704,0.044665878,0.09811815,-0.053452272,23.62,11.77
2016,67,0,0.039148038,0.042438463,0.039490712,0.042886135,0.032168823,0.030182335,0.087448735,0.104029752,0.099947719,0.089399735,0.04482332,0.097792402,-0.052969082,18.29,5.701
2016,68,1.778,0.040308962,0.042651928,0.039566351,0.042970375,0.038562116,0.037795399,0.086704015,0.103278769,0.099543648,0.08943502,0.046937021,0.097419146,-0.050482125,13.72,2.767
2016,69,0,0.041032742,0.042851935,0.040102938,0.043069784,0.041506263,0.041491469,0.087002514,0.102702108,0.099001344,0.089514193,0.048151092,0.097072548,-0.048921456,21.33,4.126
2016,70,0,0.040130386,0.042301336,0.040101692,0.042671429,0.039340807,0.040128653,0.086817246,0.10191599,0.098258591,0.089360552,0.047355935,0.096511711,-0.049155776,24.6,7.276
2016,71,0,0.039116019,0.041681702,0.039691849,0.042296747,0.035317205,0.036381129,0.086297926,0.101048913,0.097509781,0.089141808,0.045826082,0.095900167,-0.050074085,15.98,14.54
2016,72,0,0.038517562,0.041180529,0.038935089,0.042045854,0.032880728,0.033146121,0.08567047,0.100400289,0.09693751,0.08893861,0.044625193,0.09542547,-0.050800276,16.81,7.333
2016,73,0,0.038470013,0.040881715,0.038514248,0.041806823,0.031917715,0.031430135,0.085199011,0.09977339,0.096388702,0.088675578,0.04403138,0.09494589,-0.05091451,12.13,10.08
2016,74,0,0.03791489,0.040249465,0.037939781,0.041528371,0.030822677,0.029869594,0.08471619,0.099003639,0.095712773,0.088409258,0.043291567,0.094375223,-0.051083656,12.59,12.59
2016,75,0,0.037418449,0.039628046,0.037326329,0.041192605,0.030102327,0.028770356,0.08411844,0.098213701,0.09493112,0.088114829,0.042650936,0.093753217,-0.051102281,13.37,10.97
2016,76,0,0.036995045,0.039093995,0.036778563,0.040837182,0.029276846,0.027801909,0.083464406,0.097307299,0.094158986,0.087734796,0.042035421,0.093067027,-0.051031606,27.23,12.85
2016,77,0,0.036482336,0.038522603,0.036205098,0.040476047,0.028531418,0.026937998,0.082754312,0.096354337,0.093426534,0.087221215,0.041415687,0.092334029,-0.050918341,27.69,10.83
2016,78,0,0.03602386,0.037965994,0.035625055,0.04012076,0.028141001,0.026230177,0.081918135,0.095335278,0.092626433,0.086737418,0.040860712,0.091566377,-0.050705665,26.61,11.1
2016,79,0,0.035729649,0.037442327,0.035102511,0.039760475,0.027689842,0.025697901,0.081103083,0.094238073,0.091827401,0.086259088,0.040360827,0.090774854,-0.050414027,27.11,11.11
2016,80,0,0.035422299,0.036950611,0.034637343,0.039409418,0.027170768,0.02517389,0.080212381,0.093080129,0.090820229,0.085676705,0.039853816,0.089859021,-0.050005205,28.85,11.09
2016,81,0,0.034945661,0.036343547,0.034112944,0.039035569,0.026427002,0.024546552,0.079203155,0.091739775,0.089667317,0.085095571,0.039230633,0.088834221,-0.049603588,30.62,13.08
2016,82,0,0.034778464,0.035933401,0.033642955,0.038666097,0.026484173,0.024322921,0.078009121,0.090445411,0.088615133,0.084452785,0.038833876,0.087837776,-0.0490039,26.78,9.75
2016,83,0,0.035201943,0.035802731,0.033463556,0.038510046,0.027129145,0.024413195,0.077082589,0.089184909,0.087571658,0.083774478,0.038800458,0.086843681,-0.048043223,18.33,5.537
2016,84,0,0.035616691,0.035839905,0.033542948,0.038350663,0.027226678,0.024645034,0.076553003,0.087986178,0.086600451,0.083227018,0.038824989,0.085937883,-0.047112894,23.79,5.586
2016,85,0,0.035354505,0.035500365,0.033307972,0.038116177,0.026768538,0.024319364,0.075862254,0.086731458,0.085510553,0.082596184,0.038461311,0.084946065,-0.046484755,24.77,7.685
2016,86,0,0.035034711,0.035124415,0.033013216,0.037838146,0.026214245,0.023902183,0.07508669,0.085590633,0.084122849,0.08182457,0.038030515,0.083846017,-0.045815502,26.31,9.18
2016,87,0,0.034708242,0.034746879,0.032671345,0.037531704,0.025761684,0.023478884,0.07413274,0.084384193,0.082799759,0.08092982,0.037575925,0.082704591,-0.045128665,26.64,10.58
2016,88,0,0.034637887,0.034493762,0.032390767,0.037224828,0.025970797,0.023430649,0.073097127,0.083345271,0.081378899,0.07995812,0.037320831,0.081560764,-0.044239933,24.61,10.6
2016,89,0,0.034951899,0.034494879,0.032391665,0.037085738,0.026600148,0.023868625,0.072172089,0.082309233,0.08031891,0.079190846,0.037366435,0.08060633,-0.043239895,18.49,9.2
2016,90,0,0.035876594,0.034950627,0.032786869,0.037056581,0.027163454,0.024460873,0.07186684,0.081444483,0.079367353,0.078553308,0.037737405,0.079788382,-0.042050976,16.9,4.852
2016,91,0,0.03646924,0.035191731,0.033083407,0.036881825,0.028464423,0.025094303,0.071269241,0.080702512,0.078407259,0.077936758,0.038064881,0.07901551,-0.040950629,15.18,3.025
2016,92,0,0.036673314,0.03535068,0.03334222,0.036881099,0.028190839,0.025331193,0.071371561,0.079871886,0.077621759,0.077355466,0.038162986,0.078283037,-0.040120051,20.49,3.895
2016,93,0,0.036001352,0.034935656,0.033030295,0.036695951,0.026715465,0.024250467,0.071001877,0.079053139,0.076407856,0.076560778,0.037518723,0.077340591,-0.039821868,24.36,7.7
2016,94,0,0.035038697,0.034334159,0.032475092,0.036328799,0.025238336,0.022969964,0.070109595,0.078199967,0.075077358,0.075240742,0.036642092,0.076172689,-0.039530598,28.08,11.24
2016,95,0,0.034384164,0.033784164,0.031957359,0.035983977,0.024472334,0.02223328,0.069070202,0.077270962,0.073726416,0.073941885,0.03598364,0.074979754,-0.038996114,30.46,11.09
2016,96,0,0.033725787,0.033184019,0.031354871,0.035637263,0.023850133,0.021432068,0.067853509,0.07636692,0.072410735,0.072454074,0.035291093,0.07374391,-0.038452817,29.03,15.66
2016,97,0,0.033482378,0.032843771,0.031008437,0.035296574,0.023451954,0.021188299,0.066816799,0.075522812,0.07114413,0.07109909,0.034869744,0.072588677,-0.037718933,32.72,13.84
2016,98,2.54,0.033446266,0.03258527,0.030687223,0.034917604,0.024962837,0.022016211,0.065707976,0.074776053,0.07000179,0.07001404,0.034903341,0.071597294,-0.036693953,26.88,12.86
2016,99,6.35,0.039700734,0.033652991,0.031641634,0.034972012,0.070463445,0.080953154,0.065673352,0.074345244,0.069504543,0.069635852,0.051008189,0.07116188,-0.020153691,22.56,9.72
2016,100,0,0.041863576,0.035216239,0.033409467,0.035090835,0.074307029,0.084098982,0.068992948,0.073886537,0.068912717,0.069161631,0.053282725,0.070653628,-0.017370903,25.64,8.24
2016,101,2.794,0.047804207,0.036342876,0.037849289,0.03500813,0.071616155,0.080588815,0.071882824,0.073339704,0.068232818,0.068759361,0.054441757,0.070110628,-0.015668871,17.81,9.51
2016,102,0.254,0.054293813,0.03780285,0.043037279,0.035409156,0.075552578,0.085478255,0.07485827,0.073049846,0.067781448,0.068513116,0.058061743,0.06978147,-0.011719727,22.13,5.884
2016,103,0,0.053034253,0.038448571,0.042445332,0.035343677,0.065438394,0.07269569,0.077179765,0.072706008,0.067221448,0.0679582,0.054940812,0.069295219,-0.014354407,22.27,12
2016,104,0,0.052022591,0.038922076,0.041590616,0.035278231,0.058045201,0.062724783,0.078233797,0.072376742,0.066668418,0.067324387,0.052402471,0.068789849,-0.016387378,27.29,10.12
2016,105,0,0.051158354,0.039262904,0.041040369,0.035190655,0.050702613,0.053936828,0.078544344,0.072037411,0.065953499,0.066572159,0.049976581,0.068187689,-0.018211109,29.48,11.88
2016,106,0,0.050378639,0.039580221,0.040861235,0.035165604,0.0439057,0.046755804,0.078218513,0.07166092,0.06516547,0.06603458,0.047837959,0.067620324,-0.019782364,25.25,10.73
2016,107,0,0.049547245,0.040171824,0.040910636,0.035407128,0.040043267,0.041922591,0.077803577,0.071246253,0.064650195,0.065447803,0.046543753,0.06711475,-0.020570998,20.8,5.403
2016,108,0,0.048130167,0.040323953,0.040829498,0.0355369,0.036177717,0.03794599,0.077595708,0.070857858,0.06414779,0.064874426,0.04521999,0.066626691,-0.021406701,24.09,8.14
2016,109,0,0.046360185,0.040190754,0.040406119,0.035575381,0.032787255,0.034592425,0.077206946,0.070439871,0.063585583,0.064307422,0.043874152,0.066110959,-0.022236806,25.17,9.51
2016,110,0,0.044357686,0.039752199,0.039722167,0.035626936,0.030288944,0.03193611,0.0767734,0.070021558,0.063039106,0.063743707,0.042636777,0.065601457,-0.02296468,28.04,10.84
2016,111,0,0.042068495,0.03889179,0.038661208,0.035641737,0.028195326,0.029368295,0.076263761,0.069576086,0.062390577,0.063139059,0.041298659,0.065035241,-0.023736582,30.76,12.62
2016,112,0,0.039849788,0.03795352,0.037448965,0.035637758,0.026539543,0.027144429,0.075621949,0.06913003,0.061762213,0.062514674,0.040027993,0.064468972,-0.024440979,32.77,13.84